"item-icon href","item-icon-img src","item-icon-name"
"https://fortnite.gg/cosmetics?id=7863","https://fortnite.gg/img/items/7863/icon.jpg?3","Battle Stances!"
"https://fortnite.gg/cosmetics?id=7859","https://fortnite.gg/img/items/7859/icon.jpg?4","PAC-Brained"
"https://fortnite.gg/cosmetics?id=7881","https://fortnite.gg/img/items/7881/icon.jpg?8","The Heartbreaker"
"https://fortnite.gg/cosmetics?id=7804","https://fortnite.gg/img/items/7804/icon.jpg?4","Obi-Wan's Message"
"https://fortnite.gg/cosmetics?id=7795","https://fortnite.gg/img/items/7795/icon.jpg?4","Lil' Diplodoculus"
"https://fortnite.gg/cosmetics?id=6789","https://fortnite.gg/img/items/6789/icon.jpg?3","Lil' ED-209"
"https://fortnite.gg/cosmetics?id=6785","https://fortnite.gg/img/items/6785/icon.jpg?5","The Airplane"
"https://fortnite.gg/cosmetics?id=6673","https://fortnite.gg/img/items/6673/icon.jpg?4","Snackin'"
"https://fortnite.gg/cosmetics?id=6771","https://fortnite.gg/img/items/6771/icon.jpg?5","The Pollo Dance"
"https://fortnite.gg/cosmetics?id=6778","https://fortnite.gg/img/items/6778/icon.jpg?5","Psychic Energy Manipulation"
"https://fortnite.gg/cosmetics?id=6734","https://fortnite.gg/img/items/6734/icon.jpg?46","How Sweet!"
"https://fortnite.gg/cosmetics?id=6723","https://fortnite.gg/img/items/6723/icon.jpg?4","Blanka Backflip"
"https://fortnite.gg/cosmetics?id=6722","https://fortnite.gg/img/items/6722/icon.jpg?4","Sakura's Victory Sway"
"https://fortnite.gg/cosmetics?id=6732","https://fortnite.gg/img/items/6732/icon.jpg?5","Triumphant"
"https://fortnite.gg/cosmetics?id=6692","https://fortnite.gg/img/items/6692/icon.jpg?4","Wu-Tang is Forever"
"https://fortnite.gg/cosmetics?id=6498","https://fortnite.gg/img/items/6498/icon.jpg?5","Slash and Smash"
"https://fortnite.gg/cosmetics?id=6619","https://fortnite.gg/img/items/6619/icon.jpg?4","Rootin' Tootin'"
"https://fortnite.gg/cosmetics?id=6618","https://fortnite.gg/img/items/6618/icon.jpg?4","Chess Master"
"https://fortnite.gg/cosmetics?id=6641","https://fortnite.gg/img/items/6641/icon.jpg?5","It's a Vibe"
"https://fortnite.gg/cosmetics?id=6635","https://fortnite.gg/img/items/6635/icon.jpg?4","Viking War Cry"
"https://fortnite.gg/cosmetics?id=6617","https://fortnite.gg/img/items/6617/icon.jpg?4","Lil' Mower"
"https://fortnite.gg/cosmetics?id=6590","https://fortnite.gg/img/items/6590/icon.jpg?5","Board Flair"
"https://fortnite.gg/cosmetics?id=6494","https://fortnite.gg/img/items/6494/icon.jpg?5","Conjure Weapon"
"https://fortnite.gg/cosmetics?id=6501","https://fortnite.gg/img/items/6501/icon.jpg?4","Unchained"
"https://fortnite.gg/cosmetics?id=6502","https://fortnite.gg/img/items/6502/icon.jpg?4","Cyclo Curl"
"https://fortnite.gg/cosmetics?id=6499","https://fortnite.gg/img/items/6499/icon.jpg?4","Bag of Essentials"
"https://fortnite.gg/cosmetics?id=6496","https://fortnite.gg/img/items/6496/icon.jpg?2","Blade Breaker"
"https://fortnite.gg/cosmetics?id=6500","https://fortnite.gg/img/items/6500/icon.jpg?4","Dagger Dance"
"https://fortnite.gg/cosmetics?id=6495","https://fortnite.gg/img/items/6495/icon.jpg?4","Segway Tour"
"https://fortnite.gg/cosmetics?id=5929","https://fortnite.gg/img/items/5929/icon.jpg?4","Dunk on 'Em"
"https://fortnite.gg/cosmetics?id=5907","https://fortnite.gg/img/items/5907/icon.jpg?4","I Ain't Afraid"
"https://fortnite.gg/cosmetics?id=5866","https://fortnite.gg/img/items/5866/icon.jpg?4","Summoning Jutsu"
"https://fortnite.gg/cosmetics?id=5865","https://fortnite.gg/img/items/5865/icon.jpg?4","Ramen Break"
"https://fortnite.gg/cosmetics?id=5851","https://fortnite.gg/img/items/5851/icon.jpg?5","Rising Phoenix"
"https://fortnite.gg/cosmetics?id=5732","https://fortnite.gg/img/items/5732/icon.jpg?4","Rim Shot"
"https://fortnite.gg/cosmetics?id=5780","https://fortnite.gg/img/items/5780/icon.jpg?4","¡Que no panda el cúnico!"
"https://fortnite.gg/cosmetics?id=5733","https://fortnite.gg/img/items/5733/icon.jpg?4","Butter Buddy"
"https://fortnite.gg/cosmetics?id=5734","https://fortnite.gg/img/items/5734/icon.jpg?4","Zom-beam"
"https://fortnite.gg/cosmetics?id=5697","https://fortnite.gg/img/items/5697/icon.jpg?5","Brolly Stroll"
"https://fortnite.gg/cosmetics?id=5674","https://fortnite.gg/img/items/5674/icon.jpg?6","Just Keep Breathin'"
"https://fortnite.gg/cosmetics?id=5662","https://fortnite.gg/img/items/5662/icon.jpg?4","Sand Walk"
"https://fortnite.gg/cosmetics?id=4904","https://fortnite.gg/img/items/4904/icon.jpg?4","Lil' Bounce"
"https://fortnite.gg/cosmetics?id=5655","https://fortnite.gg/img/items/5655/icon.jpg?6","Snare Solo"
"https://fortnite.gg/cosmetics?id=5572","https://fortnite.gg/img/items/5572/icon.jpg?4","Page-Turner"
"https://fortnite.gg/cosmetics?id=5593","https://fortnite.gg/img/items/5593/icon.jpg?6","Everybody Loves Me"
"https://fortnite.gg/cosmetics?id=5592","https://fortnite.gg/img/items/5592/icon.jpg?6","Leilt Elomr"
"https://fortnite.gg/cosmetics?id=5461","https://fortnite.gg/img/items/5461/icon.jpg?4","[Insert Laughter Here]"
"https://fortnite.gg/cosmetics?id=5560","https://fortnite.gg/img/items/5560/icon.jpg?6","Rushin' Around"
"https://fortnite.gg/cosmetics?id=5546","https://fortnite.gg/img/items/5546/icon.jpg?3","Venom Unleashed"
"https://fortnite.gg/cosmetics?id=5403","https://fortnite.gg/img/items/5403/icon.jpg?4","Square Up"
"https://fortnite.gg/cosmetics?id=5530","https://fortnite.gg/img/items/5530/icon.jpg?4","The Look"
"https://fortnite.gg/cosmetics?id=5457","https://fortnite.gg/img/items/5457/icon.jpg?4","And The Crowd Goes Wild"
"https://fortnite.gg/cosmetics?id=5460","https://fortnite.gg/img/items/5460/icon.jpg?4","Sideways Shift"
"https://fortnite.gg/cosmetics?id=5464","https://fortnite.gg/img/items/5464/icon.jpg?4","Monkey Mosh"
"https://fortnite.gg/cosmetics?id=5463","https://fortnite.gg/img/items/5463/icon.jpg?4","Lil' Rover"
"https://fortnite.gg/cosmetics?id=5462","https://fortnite.gg/img/items/5462/icon.jpg?4","Hand-Forged"
"https://fortnite.gg/cosmetics?id=5458","https://fortnite.gg/img/items/5458/icon.jpg?4","Flake Shake"
"https://fortnite.gg/cosmetics?id=5465","https://fortnite.gg/img/items/5465/icon.jpg?4","Ready When You Are"
"https://fortnite.gg/cosmetics?id=5459","https://fortnite.gg/img/items/5459/icon.jpg?4","Nailed it"
"https://fortnite.gg/cosmetics?id=5431","https://fortnite.gg/img/items/5431/icon.jpg?6","Sway"
"https://fortnite.gg/cosmetics?id=5430","https://fortnite.gg/img/items/5430/icon.jpg?6","Gloss"
"https://fortnite.gg/cosmetics?id=5429","https://fortnite.gg/img/items/5429/icon.jpg?6","Stuck"
"https://fortnite.gg/cosmetics?id=5404","https://fortnite.gg/img/items/5404/icon.jpg?6","Roller Vibes"
"https://fortnite.gg/cosmetics?id=5428","https://fortnite.gg/img/items/5428/icon.jpg?6","Mighty Ant"
"https://fortnite.gg/cosmetics?id=5376","https://fortnite.gg/img/items/5376/icon.jpg?7","In Da Party"
"https://fortnite.gg/cosmetics?id=5375","https://fortnite.gg/img/items/5375/icon.jpg?6","Get Schwifty"
"https://fortnite.gg/cosmetics?id=5374","https://fortnite.gg/img/items/5374/icon.jpg?8","Bim Bam Boom"
"https://fortnite.gg/cosmetics?id=5338","https://fortnite.gg/img/items/5338/icon.jpg?6","Bracelets of Hephaestus"
"https://fortnite.gg/cosmetics?id=5311","https://fortnite.gg/img/items/5311/icon.jpg?4","Good Guy"
"https://fortnite.gg/cosmetics?id=5303","https://fortnite.gg/img/items/5303/icon.jpg?4","XOXO"
"https://fortnite.gg/cosmetics?id=5288","https://fortnite.gg/img/items/5288/icon.jpg?5","Cannon Spike"
"https://fortnite.gg/cosmetics?id=5287","https://fortnite.gg/img/items/5287/icon.jpg?5","Flash Kick"
"https://fortnite.gg/cosmetics?id=5260","https://fortnite.gg/img/items/5260/icon.jpg?6","Crossbounce"
"https://fortnite.gg/cosmetics?id=5261","https://fortnite.gg/img/items/5261/icon.jpg?4","Bear Hug"
"https://fortnite.gg/cosmetics?id=5258","https://fortnite.gg/img/items/5258/icon.jpg?4","Lights up"
"https://fortnite.gg/cosmetics?id=5259","https://fortnite.gg/img/items/5259/icon.jpg?6","Lil' Floaticorn"
"https://fortnite.gg/cosmetics?id=5188","https://fortnite.gg/img/items/5188/icon.jpg?6","Hey Now!"
"https://fortnite.gg/cosmetics?id=5189","https://fortnite.gg/img/items/5189/icon.jpg?6","Bring it around"
"https://fortnite.gg/cosmetics?id=4986","https://fortnite.gg/img/items/4986/icon.jpg?4","Take a 'bow"
"https://fortnite.gg/cosmetics?id=5155","https://fortnite.gg/img/items/5155/icon.jpg?6","The Silencer"
"https://fortnite.gg/cosmetics?id=5108","https://fortnite.gg/img/items/5108/icon.jpg?4","Short Fuse"
"https://fortnite.gg/cosmetics?id=5107","https://fortnite.gg/img/items/5107/icon.jpg?4","Roman Candle"
"https://fortnite.gg/cosmetics?id=5146","https://fortnite.gg/img/items/5146/icon.jpg?6","Pump up the Jam"
"https://fortnite.gg/cosmetics?id=5106","https://fortnite.gg/img/items/5106/icon.jpg?4","Lil' Treat"
"https://fortnite.gg/cosmetics?id=5069","https://fortnite.gg/img/items/5069/icon.jpg?6","The Macarena"
"https://fortnite.gg/cosmetics?id=4979","https://fortnite.gg/img/items/4979/icon.jpg?4","Eureka!"
"https://fortnite.gg/cosmetics?id=4977","https://fortnite.gg/img/items/4977/icon.jpg?4","Rolly Rider"
"https://fortnite.gg/cosmetics?id=5066","https://fortnite.gg/img/items/5066/icon.jpg?6","Sweet Victory"
"https://fortnite.gg/cosmetics?id=5065","https://fortnite.gg/img/items/5065/icon.jpg?6","Three Wise Monkeys"
"https://fortnite.gg/cosmetics?id=4980","https://fortnite.gg/img/items/4980/icon.jpg?6","Secret Identity"
"https://fortnite.gg/cosmetics?id=4987","https://fortnite.gg/img/items/4987/icon.jpg?4","Unzipped"
"https://fortnite.gg/cosmetics?id=4985","https://fortnite.gg/img/items/4985/icon.jpg?4","Lil' Saucer"
"https://fortnite.gg/cosmetics?id=4984","https://fortnite.gg/img/items/4984/icon.jpg?4","The Rick Dance"
"https://fortnite.gg/cosmetics?id=4982","https://fortnite.gg/img/items/4982/icon.jpg?4","Kick Back"
"https://fortnite.gg/cosmetics?id=4978","https://fortnite.gg/img/items/4978/icon.jpg?4","Ska-stra-terrestrial"
"https://fortnite.gg/cosmetics?id=4981","https://fortnite.gg/img/items/4981/icon.jpg?4","Vulcan Salute"
"https://fortnite.gg/cosmetics?id=3995","https://fortnite.gg/img/items/3995/icon.jpg?7","Smeeze"
"https://fortnite.gg/cosmetics?id=3914","https://fortnite.gg/img/items/3914/icon.jpg?4","Penalty"
"https://fortnite.gg/cosmetics?id=3848","https://fortnite.gg/img/items/3848/icon.jpg?4","It's good!"
"https://fortnite.gg/cosmetics?id=4074","https://fortnite.gg/img/items/4074/icon.jpg?6","We are Venom"
"https://fortnite.gg/cosmetics?id=4047","https://fortnite.gg/img/items/4047/icon.jpg?3","Tiniest Violin"
"https://fortnite.gg/cosmetics?id=3938","https://fortnite.gg/img/items/3938/icon.jpg?7","PWR Punch"
"https://fortnite.gg/cosmetics?id=3849","https://fortnite.gg/img/items/3849/icon.jpg?7","Jabba Switchway"
"https://fortnite.gg/cosmetics?id=3805","https://fortnite.gg/img/items/3805/icon.jpg?7","Go Mufasa"
"https://fortnite.gg/cosmetics?id=4091","https://fortnite.gg/img/items/4091/icon.jpg?4","Zombie Shambles"
"https://fortnite.gg/cosmetics?id=4049","https://fortnite.gg/img/items/4049/icon.jpg?3","Toasty"
"https://fortnite.gg/cosmetics?id=3893","https://fortnite.gg/img/items/3893/icon.jpg?4","Morph Juice"
"https://fortnite.gg/cosmetics?id=4039","https://fortnite.gg/img/items/4039/icon.jpg?7","The Flow"
"https://fortnite.gg/cosmetics?id=3919","https://fortnite.gg/img/items/3919/icon.jpg?4","Pickin'"
"https://fortnite.gg/cosmetics?id=3686","https://fortnite.gg/img/items/3686/icon.jpg?11","Blinding Lights"
"https://fortnite.gg/cosmetics?id=4083","https://fortnite.gg/img/items/4083/icon.jpg?4","Witch Way"
"https://fortnite.gg/cosmetics?id=4030","https://fortnite.gg/img/items/4030/icon.jpg?4","Take The Cake"
"https://fortnite.gg/cosmetics?id=3745","https://fortnite.gg/img/items/3745/icon.jpg?6","Daywalker's Kata"
"https://fortnite.gg/cosmetics?id=3846","https://fortnite.gg/img/items/3846/icon.jpg?7","It's Dynamite!"
"https://fortnite.gg/cosmetics?id=3838","https://fortnite.gg/img/items/3838/icon.jpg?7","I'm Diamond"
"https://fortnite.gg/cosmetics?id=3800","https://fortnite.gg/img/items/3800/icon.jpg?4","Glow On"
"https://fortnite.gg/cosmetics?id=3961","https://fortnite.gg/img/items/3961/icon.jpg?7","Rollie"
"https://fortnite.gg/cosmetics?id=3868","https://fortnite.gg/img/items/3868/icon.jpg?7","Last Forever"
"https://fortnite.gg/cosmetics?id=3822","https://fortnite.gg/img/items/3822/icon.jpg?4","Hero's Beacon"
"https://fortnite.gg/cosmetics?id=3970","https://fortnite.gg/img/items/3970/icon.jpg?7","Say So"
"https://fortnite.gg/cosmetics?id=4066","https://fortnite.gg/img/items/4066/icon.jpg?6","Victory Von Doom"
"https://fortnite.gg/cosmetics?id=4021","https://fortnite.gg/img/items/4021/icon.jpg?6","Suit Up"
"https://fortnite.gg/cosmetics?id=3998","https://fortnite.gg/img/items/3998/icon.jpg?6","Snikt!"
"https://fortnite.gg/cosmetics?id=3980","https://fortnite.gg/img/items/3980/icon.jpg?6","Shapeshifter"
"https://fortnite.gg/cosmetics?id=3807","https://fortnite.gg/img/items/3807/icon.jpg?6","God of Thunder"
"https://fortnite.gg/cosmetics?id=3794","https://fortnite.gg/img/items/3794/icon.jpg?6","Gamma Overload"
"https://fortnite.gg/cosmetics?id=3793","https://fortnite.gg/img/items/3793/icon.jpg?6","Gale Force"
"https://fortnite.gg/cosmetics?id=3677","https://fortnite.gg/img/items/3677/icon.jpg?6","Battle Brother"
"https://fortnite.gg/cosmetics?id=4059","https://fortnite.gg/img/items/4059/icon.jpg?4","Unicycle"
"https://fortnite.gg/cosmetics?id=4050","https://fortnite.gg/img/items/4050/icon.jpg?7","Toosie Slide"
"https://fortnite.gg/cosmetics?id=4006","https://fortnite.gg/img/items/4006/icon.jpg?4","Spin Out"
"https://fortnite.gg/cosmetics?id=3714","https://fortnite.gg/img/items/3714/icon.jpg?4","Butterfly knife"
"https://fortnite.gg/cosmetics?id=4019","https://fortnite.gg/img/items/4019/icon.jpg?4","Strut"
"https://fortnite.gg/cosmetics?id=3819","https://fortnite.gg/img/items/3819/icon.jpg?7","Head Banger"
"https://fortnite.gg/cosmetics?id=3939","https://fortnite.gg/img/items/3939/icon.jpg?7","Rage"
"https://fortnite.gg/cosmetics?id=3759","https://fortnite.gg/img/items/3759/icon.jpg?7","Dynamic Shuffle"
"https://fortnite.gg/cosmetics?id=3736","https://fortnite.gg/img/items/3736/icon.jpg?7","CrazyBoy"
"https://fortnite.gg/cosmetics?id=3827","https://fortnite.gg/img/items/3827/icon.jpg?4","Hoppity"
"https://fortnite.gg/cosmetics?id=3972","https://fortnite.gg/img/items/3972/icon.jpg?6","Scootin'"
"https://fortnite.gg/cosmetics?id=3725","https://fortnite.gg/img/items/3725/icon.jpg?6","Chimichanga!"
"https://fortnite.gg/cosmetics?id=3690","https://fortnite.gg/img/items/3690/icon.jpg?4","Bold Stance"
"https://fortnite.gg/cosmetics?id=3865","https://fortnite.gg/img/items/3865/icon.jpg?4","Kite!"
"https://fortnite.gg/cosmetics?id=4076","https://fortnite.gg/img/items/4076/icon.jpg?4","Well rounded"
"https://fortnite.gg/cosmetics?id=3933","https://fortnite.gg/img/items/3933/icon.jpg?4","Primo Moves"
"https://fortnite.gg/cosmetics?id=3967","https://fortnite.gg/img/items/3967/icon.jpg?4","Sasquatchin'"
"https://fortnite.gg/cosmetics?id=4014","https://fortnite.gg/img/items/4014/icon.jpg?4","Steamed"
"https://fortnite.gg/cosmetics?id=3915","https://fortnite.gg/img/items/3915/icon.jpg?4","Phew!"
"https://fortnite.gg/cosmetics?id=3665","https://fortnite.gg/img/items/3665/icon.jpg?4","Advanced Math"
"https://fortnite.gg/cosmetics?id=4024","https://fortnite.gg/img/items/4024/icon.jpg?4","Swole Cat"
"https://fortnite.gg/cosmetics?id=4008","https://fortnite.gg/img/items/4008/icon.jpg?4","Springy"
"https://fortnite.gg/cosmetics?id=3901","https://fortnite.gg/img/items/3901/icon.jpg?4","Ollie Bounce"
"https://fortnite.gg/cosmetics?id=3695","https://fortnite.gg/img/items/3695/icon.jpg?4","Boom!"
"https://fortnite.gg/cosmetics?id=3984","https://fortnite.gg/img/items/3984/icon.jpg?4","Side Hustle"
"https://fortnite.gg/cosmetics?id=3911","https://fortnite.gg/img/items/3911/icon.jpg?4","Paws & Claws"
"https://fortnite.gg/cosmetics?id=3908","https://fortnite.gg/img/items/3908/icon.jpg?4","Pandemonium"
"https://fortnite.gg/cosmetics?id=3964","https://fortnite.gg/img/items/3964/icon.jpg?4","Sad Claps"
"https://fortnite.gg/cosmetics?id=3730","https://fortnite.gg/img/items/3730/icon.jpg?4","Coin Flip"
"https://fortnite.gg/cosmetics?id=3717","https://fortnite.gg/img/items/3717/icon.jpg?4","Call me"
"https://fortnite.gg/cosmetics?id=3681","https://fortnite.gg/img/items/3681/icon.jpg?4","Beep Beep"
"https://fortnite.gg/cosmetics?id=3910","https://fortnite.gg/img/items/3910/icon.jpg?4","Party Hips"
"https://fortnite.gg/cosmetics?id=3896","https://fortnite.gg/img/items/3896/icon.jpg?9","Never Gonna"
"https://fortnite.gg/cosmetics?id=3784","https://fortnite.gg/img/items/3784/icon.jpg?4","Focused"
"https://fortnite.gg/cosmetics?id=3837","https://fortnite.gg/img/items/3837/icon.jpg?4","I Declare!"
"https://fortnite.gg/cosmetics?id=3943","https://fortnite.gg/img/items/3943/icon.jpg?4","Raise The Roof"
"https://fortnite.gg/cosmetics?id=3874","https://fortnite.gg/img/items/3874/icon.jpg?4","Leapin'"
"https://fortnite.gg/cosmetics?id=3786","https://fortnite.gg/img/items/3786/icon.jpg?4","Freemix"
"https://fortnite.gg/cosmetics?id=3975","https://fortnite.gg/img/items/3975/icon.jpg?4","Shadow Spar"
"https://fortnite.gg/cosmetics?id=3718","https://fortnite.gg/img/items/3718/icon.jpg?4","Cap Kick"
"https://fortnite.gg/cosmetics?id=3774","https://fortnite.gg/img/items/3774/icon.jpg?7","Fishin'"
"https://fortnite.gg/cosmetics?id=3925","https://fortnite.gg/img/items/3925/icon.jpg?7","Poki"
"https://fortnite.gg/cosmetics?id=3715","https://fortnite.gg/img/items/3715/icon.jpg?4","C'mere"
"https://fortnite.gg/cosmetics?id=3897","https://fortnite.gg/img/items/3897/icon.jpg?7","Ninja Style"
"https://fortnite.gg/cosmetics?id=4000","https://fortnite.gg/img/items/4000/icon.jpg?4","Snow Day"
"https://fortnite.gg/cosmetics?id=3668","https://fortnite.gg/img/items/3668/icon.jpg?4","Around the Clock"
"https://fortnite.gg/cosmetics?id=3930","https://fortnite.gg/img/items/3930/icon.jpg?6","Power Roar"
"https://fortnite.gg/cosmetics?id=3954","https://fortnite.gg/img/items/3954/icon.jpg?4","Ride Along"
"https://fortnite.gg/cosmetics?id=3956","https://fortnite.gg/img/items/3956/icon.jpg?4","Ring it on"
"https://fortnite.gg/cosmetics?id=3743","https://fortnite.gg/img/items/3743/icon.jpg?7","Dark Side"
"https://fortnite.gg/cosmetics?id=3675","https://fortnite.gg/img/items/3675/icon.jpg?4","Banner Wave"
"https://fortnite.gg/cosmetics?id=4001","https://fortnite.gg/img/items/4001/icon.jpg?4","Snowshaker"
"https://fortnite.gg/cosmetics?id=3876","https://fortnite.gg/img/items/3876/icon.jpg?4","Light Up"
"https://fortnite.gg/cosmetics?id=4052","https://fortnite.gg/img/items/4052/icon.jpg?7","Traitor!"
"https://fortnite.gg/cosmetics?id=3949","https://fortnite.gg/img/items/3949/icon.jpg?48","Resistance Thumbs Up"
"https://fortnite.gg/cosmetics?id=3853","https://fortnite.gg/img/items/3853/icon.jpg?7","Jedi Training"
"https://fortnite.gg/cosmetics?id=3978","https://fortnite.gg/img/items/3978/icon.jpg?4","Shaolin Sip"
"https://fortnite.gg/cosmetics?id=3818","https://fortnite.gg/img/items/3818/icon.jpg?4","Have a Seat"
"https://fortnite.gg/cosmetics?id=3769","https://fortnite.gg/img/items/3769/icon.jpg?4","Feelin' Jaunty"
"https://fortnite.gg/cosmetics?id=3802","https://fortnite.gg/img/items/3802/icon.jpg?4","Glyphic"
"https://fortnite.gg/cosmetics?id=3817","https://fortnite.gg/img/items/3817/icon.jpg?4","Harmony"
"https://fortnite.gg/cosmetics?id=4060","https://fortnite.gg/img/items/4060/icon.jpg?4","Unification"
"https://fortnite.gg/cosmetics?id=4084","https://fortnite.gg/img/items/4084/icon.jpg?4","Witchcraft"
"https://fortnite.gg/cosmetics?id=4087","https://fortnite.gg/img/items/4087/icon.jpg?4","Xylo-bone"
"https://fortnite.gg/cosmetics?id=3791","https://fortnite.gg/img/items/3791/icon.jpg?4","Fright Funk"
"https://fortnite.gg/cosmetics?id=3753","https://fortnite.gg/img/items/3753/icon.jpg?4","Double Up"
"https://fortnite.gg/cosmetics?id=3934","https://fortnite.gg/img/items/3934/icon.jpg?4","Pump It Up"
"https://fortnite.gg/cosmetics?id=4092","https://fortnite.gg/img/items/4092/icon.jpg?4","Zombified"
"https://fortnite.gg/cosmetics?id=3673","https://fortnite.gg/img/items/3673/icon.jpg?4","Ballsy"
"https://fortnite.gg/cosmetics?id=3844","https://fortnite.gg/img/items/3844/icon.jpg?4","Island Vibes"
"https://fortnite.gg/cosmetics?id=3920","https://fortnite.gg/img/items/3920/icon.jpg?4","Pirouette"
"https://fortnite.gg/cosmetics?id=3750","https://fortnite.gg/img/items/3750/icon.jpg?4","Disc Spinner"
"https://fortnite.gg/cosmetics?id=3689","https://fortnite.gg/img/items/3689/icon.jpg?4","Boing!"
"https://fortnite.gg/cosmetics?id=3834","https://fortnite.gg/img/items/3834/icon.jpg?4","Hula Hoopin'"
"https://fortnite.gg/cosmetics?id=3823","https://fortnite.gg/img/items/3823/icon.jpg?4","High Five"
"https://fortnite.gg/cosmetics?id=3756","https://fortnite.gg/img/items/3756/icon.jpg?4","Droop"
"https://fortnite.gg/cosmetics?id=4073","https://fortnite.gg/img/items/4073/icon.jpg?4","Wavy T"
"https://fortnite.gg/cosmetics?id=3981","https://fortnite.gg/img/items/3981/icon.jpg?4","Sharpshooter"
"https://fortnite.gg/cosmetics?id=3951","https://fortnite.gg/img/items/3951/icon.jpg?4","Respect The Peace"
"https://fortnite.gg/cosmetics?id=3712","https://fortnite.gg/img/items/3712/icon.jpg?4","Business Hips"
"https://fortnite.gg/cosmetics?id=3864","https://fortnite.gg/img/items/3864/icon.jpg?4","Kiss The Cup"
"https://fortnite.gg/cosmetics?id=3952","https://fortnite.gg/img/items/3952/icon.jpg?4","Revel"
"https://fortnite.gg/cosmetics?id=3969","https://fortnite.gg/img/items/3969/icon.jpg?4","Savor The W"
"https://fortnite.gg/cosmetics?id=3859","https://fortnite.gg/img/items/3859/icon.jpg?4","Jumping Jacks"
"https://fortnite.gg/cosmetics?id=3883","https://fortnite.gg/img/items/3883/icon.jpg?4","Make It Plantain"
"https://fortnite.gg/cosmetics?id=3898","https://fortnite.gg/img/items/3898/icon.jpg?4","No Sweat"
"https://fortnite.gg/cosmetics?id=4057","https://fortnite.gg/img/items/4057/icon.jpg?4","Turbocharged"
"https://fortnite.gg/cosmetics?id=4036","https://fortnite.gg/img/items/4036/icon.jpg?4","Team Monster"
"https://fortnite.gg/cosmetics?id=4035","https://fortnite.gg/img/items/4035/icon.jpg?4","Team Mech"
"https://fortnite.gg/cosmetics?id=3763","https://fortnite.gg/img/items/3763/icon.jpg?4","Extraterrestrial"
"https://fortnite.gg/cosmetics?id=3798","https://fortnite.gg/img/items/3798/icon.jpg?4","Glitter"
"https://fortnite.gg/cosmetics?id=4085","https://fortnite.gg/img/items/4085/icon.jpg?4","Work It"
"https://fortnite.gg/cosmetics?id=3733","https://fortnite.gg/img/items/3733/icon.jpg?4","Crabby"
"https://fortnite.gg/cosmetics?id=3918","https://fortnite.gg/img/items/3918/icon.jpg?4","Pick It Up"
"https://fortnite.gg/cosmetics?id=3989","https://fortnite.gg/img/items/3989/icon.jpg?4","Sizzlin'"
"https://fortnite.gg/cosmetics?id=3815","https://fortnite.gg/img/items/3815/icon.jpg?4","Hang Loose"
"https://fortnite.gg/cosmetics?id=3698","https://fortnite.gg/img/items/3698/icon.jpg?4","Bouncer"
"https://fortnite.gg/cosmetics?id=3746","https://fortnite.gg/img/items/3746/icon.jpg?4","Deep Dab"
"https://fortnite.gg/cosmetics?id=3747","https://fortnite.gg/img/items/3747/icon.jpg?4","Deep End"
"https://fortnite.gg/cosmetics?id=3986","https://fortnite.gg/img/items/3986/icon.jpg?4","Signature Shuffle"
"https://fortnite.gg/cosmetics?id=3812","https://fortnite.gg/img/items/3812/icon.jpg?4","Guitar Walk"
"https://fortnite.gg/cosmetics?id=3882","https://fortnite.gg/img/items/3882/icon.jpg?4","Lock It Up"
"https://fortnite.gg/cosmetics?id=3685","https://fortnite.gg/img/items/3685/icon.jpg?4","Billy Bounce"
"https://fortnite.gg/cosmetics?id=3720","https://fortnite.gg/img/items/3720/icon.jpg?4","Cartwheelin'"
"https://fortnite.gg/cosmetics?id=3778","https://fortnite.gg/img/items/3778/icon.jpg?4","Flex On 'Em"
"https://fortnite.gg/cosmetics?id=3706","https://fortnite.gg/img/items/3706/icon.jpg?4","Buckets"
"https://fortnite.gg/cosmetics?id=3900","https://fortnite.gg/img/items/3900/icon.jpg?4","Old School"
"https://fortnite.gg/cosmetics?id=3708","https://fortnite.gg/img/items/3708/icon.jpg?4","Bulletproof"
"https://fortnite.gg/cosmetics?id=3679","https://fortnite.gg/img/items/3679/icon.jpg?4","Be Seeing You"
"https://fortnite.gg/cosmetics?id=3858","https://fortnite.gg/img/items/3858/icon.jpg?4","Jump Jets"
"https://fortnite.gg/cosmetics?id=3932","https://fortnite.gg/img/items/3932/icon.jpg?4","Prickly Pose"
"https://fortnite.gg/cosmetics?id=3912","https://fortnite.gg/img/items/3912/icon.jpg?4","Peace Out"
"https://fortnite.gg/cosmetics?id=3985","https://fortnite.gg/img/items/3985/icon.jpg?4","Sign Spinner"
"https://fortnite.gg/cosmetics?id=3965","https://fortnite.gg/img/items/3965/icon.jpg?4","Sad Trombone"
"https://fortnite.gg/cosmetics?id=3867","https://fortnite.gg/img/items/3867/icon.jpg?4","Laid Back Shuffle"
"https://fortnite.gg/cosmetics?id=3729","https://fortnite.gg/img/items/3729/icon.jpg?4","Cluck Strut"
"https://fortnite.gg/cosmetics?id=4088","https://fortnite.gg/img/items/4088/icon.jpg?4","Yay!"
"https://fortnite.gg/cosmetics?id=3850","https://fortnite.gg/img/items/3850/icon.jpg?4","Jamboree"
"https://fortnite.gg/cosmetics?id=3906","https://fortnite.gg/img/items/3906/icon.jpg?4","Overdrive"
"https://fortnite.gg/cosmetics?id=3744","https://fortnite.gg/img/items/3744/icon.jpg?4","Daydream"
"https://fortnite.gg/cosmetics?id=3992","https://fortnite.gg/img/items/3992/icon.jpg?4","Slick"
"https://fortnite.gg/cosmetics?id=3666","https://fortnite.gg/img/items/3666/icon.jpg?4","Air Horn"
"https://fortnite.gg/cosmetics?id=3723","https://fortnite.gg/img/items/3723/icon.jpg?4","Cheer Up"
"https://fortnite.gg/cosmetics?id=4046","https://fortnite.gg/img/items/4046/icon.jpg?4","Time Out"
"https://fortnite.gg/cosmetics?id=3801","https://fortnite.gg/img/items/3801/icon.jpg?4","Glowsticks"
"https://fortnite.gg/cosmetics?id=3885","https://fortnite.gg/img/items/3885/icon.jpg?7","Marsh Walk"
"https://fortnite.gg/cosmetics?id=3688","https://fortnite.gg/img/items/3688/icon.jpg?4","Bobbin'"
"https://fortnite.gg/cosmetics?id=4079","https://fortnite.gg/img/items/4079/icon.jpg?4","Whirlwind"
"https://fortnite.gg/cosmetics?id=3839","https://fortnite.gg/img/items/3839/icon.jpg?4","IDK"
"https://fortnite.gg/cosmetics?id=3783","https://fortnite.gg/img/items/3783/icon.jpg?4","Flux"
"https://fortnite.gg/cosmetics?id=3873","https://fortnite.gg/img/items/3873/icon.jpg?4","Lazy Shuffle"
"https://fortnite.gg/cosmetics?id=3866","https://fortnite.gg/img/items/3866/icon.jpg?4","Knee Slapper"
"https://fortnite.gg/cosmetics?id=3891","https://fortnite.gg/img/items/3891/icon.jpg?4","Mind Blown"
"https://fortnite.gg/cosmetics?id=3811","https://fortnite.gg/img/items/3811/icon.jpg?4","Ground Pound"
"https://fortnite.gg/cosmetics?id=3979","https://fortnite.gg/img/items/3979/icon.jpg?4","Shaolin Sit-up"
"https://fortnite.gg/cosmetics?id=3727","https://fortnite.gg/img/items/3727/icon.jpg?4","Clean Groove"
"https://fortnite.gg/cosmetics?id=3664","https://fortnite.gg/img/items/3664/icon.jpg?4","Accolades"
"https://fortnite.gg/cosmetics?id=4061","https://fortnite.gg/img/items/4061/icon.jpg?4","Unwrapped"
"https://fortnite.gg/cosmetics?id=3734","https://fortnite.gg/img/items/3734/icon.jpg?4","Crackdown"
"https://fortnite.gg/cosmetics?id=3983","https://fortnite.gg/img/items/3983/icon.jpg?4","Showstopper"
"https://fortnite.gg/cosmetics?id=3670","https://fortnite.gg/img/items/3670/icon.jpg?4","Backstroke"
"https://fortnite.gg/cosmetics?id=3890","https://fortnite.gg/img/items/3890/icon.jpg?4","Mime Time"
"https://fortnite.gg/cosmetics?id=3860","https://fortnite.gg/img/items/3860/icon.jpg?7","Keep It Mello"
"https://fortnite.gg/cosmetics?id=3785","https://fortnite.gg/img/items/3785/icon.jpg?4","Free Flow"
"https://fortnite.gg/cosmetics?id=3982","https://fortnite.gg/img/items/3982/icon.jpg?4","Shimmer"
"https://fortnite.gg/cosmetics?id=3924","https://fortnite.gg/img/items/3924/icon.jpg?4","Point It Out"
"https://fortnite.gg/cosmetics?id=3889","https://fortnite.gg/img/items/3889/icon.jpg?4","Mic Drop"
"https://fortnite.gg/cosmetics?id=3796","https://fortnite.gg/img/items/3796/icon.jpg?4","Get Funky"
"https://fortnite.gg/cosmetics?id=3721","https://fortnite.gg/img/items/3721/icon.jpg?4","Cat Flip"
"https://fortnite.gg/cosmetics?id=4031","https://fortnite.gg/img/items/4031/icon.jpg?4","Take The Elf"
"https://fortnite.gg/cosmetics?id=3808","https://fortnite.gg/img/items/3808/icon.jpg?2","Golf Clap"
"https://fortnite.gg/cosmetics?id=3916","https://fortnite.gg/img/items/3916/icon.jpg?4","Phone It In"
"https://fortnite.gg/cosmetics?id=3973","https://fortnite.gg/img/items/3973/icon.jpg?4","Scorecard"
"https://fortnite.gg/cosmetics?id=3691","https://fortnite.gg/img/items/3691/icon.jpg?4","Bombastic"
"https://fortnite.gg/cosmetics?id=3828","https://fortnite.gg/img/items/3828/icon.jpg?4","Hot Marat"
"https://fortnite.gg/cosmetics?id=3735","https://fortnite.gg/img/items/3735/icon.jpg?4","Crazy Feet"
"https://fortnite.gg/cosmetics?id=4028","https://fortnite.gg/img/items/4028/icon.jpg?4","Tai Chi"
"https://fortnite.gg/cosmetics?id=3881","https://fortnite.gg/img/items/3881/icon.jpg?4","Llamacadabra"
"https://fortnite.gg/cosmetics?id=3748","https://fortnite.gg/img/items/3748/icon.jpg?4","Denied"
"https://fortnite.gg/cosmetics?id=4005","https://fortnite.gg/img/items/4005/icon.jpg?4","Spike It"
"https://fortnite.gg/cosmetics?id=3713","https://fortnite.gg/img/items/3713/icon.jpg?4","Busy"
"https://fortnite.gg/cosmetics?id=3737","https://fortnite.gg/img/items/3737/icon.jpg?4","Criss Cross"
"https://fortnite.gg/cosmetics?id=3857","https://fortnite.gg/img/items/3857/icon.jpg?4","Jugglin'"
"https://fortnite.gg/cosmetics?id=3832","https://fortnite.gg/img/items/3832/icon.jpg?4","Howl"
"https://fortnite.gg/cosmetics?id=4053","https://fortnite.gg/img/items/4053/icon.jpg?4","Treat Yourself"
"https://fortnite.gg/cosmetics?id=3820","https://fortnite.gg/img/items/3820/icon.jpg?4","Headbanger"
"https://fortnite.gg/cosmetics?id=3762","https://fortnite.gg/img/items/3762/icon.jpg?4","Electro Swing"
"https://fortnite.gg/cosmetics?id=4009","https://fortnite.gg/img/items/4009/icon.jpg?4","Sprinkler"
"https://fortnite.gg/cosmetics?id=3682","https://fortnite.gg/img/items/3682/icon.jpg?4","Behold!"
"https://fortnite.gg/cosmetics?id=3757","https://fortnite.gg/img/items/3757/icon.jpg?4","Drop The Bass"
"https://fortnite.gg/cosmetics?id=4026","https://fortnite.gg/img/items/4026/icon.jpg?4","T-Pose"
"https://fortnite.gg/cosmetics?id=4003","https://fortnite.gg/img/items/4003/icon.jpg?4","Something Stinks"
"https://fortnite.gg/cosmetics?id=3996","https://fortnite.gg/img/items/3996/icon.jpg?4","Smooth Moves"
"https://fortnite.gg/cosmetics?id=3776","https://fortnite.gg/img/items/3776/icon.jpg?4","Flamenco"
"https://fortnite.gg/cosmetics?id=3993","https://fortnite.gg/img/items/3993/icon.jpg?4","Slitherin'"
"https://fortnite.gg/cosmetics?id=3962","https://fortnite.gg/img/items/3962/icon.jpg?4","Running Man"
"https://fortnite.gg/cosmetics?id=3847","https://fortnite.gg/img/items/3847/icon.jpg?4","It's Go Time!"
"https://fortnite.gg/cosmetics?id=3799","https://fortnite.gg/img/items/3799/icon.jpg?4","Glitter-up"
"https://fortnite.gg/cosmetics?id=3948","https://fortnite.gg/img/items/3948/icon.jpg?4","Regal Wave"
"https://fortnite.gg/cosmetics?id=4045","https://fortnite.gg/img/items/4045/icon.jpg?4","Tidy"
"https://fortnite.gg/cosmetics?id=4011","https://fortnite.gg/img/items/4011/icon.jpg?4","Squat Kick"
"https://fortnite.gg/cosmetics?id=3728","https://fortnite.gg/img/items/3728/icon.jpg?4","Click!"
"https://fortnite.gg/cosmetics?id=3731","https://fortnite.gg/img/items/3731/icon.jpg?4","Confused"
"https://fortnite.gg/cosmetics?id=3957","https://fortnite.gg/img/items/3957/icon.jpg?4","Rock Out"
"https://fortnite.gg/cosmetics?id=4081","https://fortnite.gg/img/items/4081/icon.jpg?4","Wiggle"
"https://fortnite.gg/cosmetics?id=3958","https://fortnite.gg/img/items/3958/icon.jpg?4","Rock Paper Scissors"
"https://fortnite.gg/cosmetics?id=3826","https://fortnite.gg/img/items/3826/icon.jpg?4","Hootenanny"
"https://fortnite.gg/cosmetics?id=3751","https://fortnite.gg/img/items/3751/icon.jpg?4","Disco Fever"
"https://fortnite.gg/cosmetics?id=3856","https://fortnite.gg/img/items/3856/icon.jpg?4","Jubilation"
"https://fortnite.gg/cosmetics?id=3705","https://fortnite.gg/img/items/3705/icon.jpg?4","Brush Your Shoulders"
"https://fortnite.gg/cosmetics?id=3701","https://fortnite.gg/img/items/3701/icon.jpg?4","Breaking Point"
"https://fortnite.gg/cosmetics?id=3959","https://fortnite.gg/img/items/3959/icon.jpg?4","Rocket Rodeo"
"https://fortnite.gg/cosmetics?id=4015","https://fortnite.gg/img/items/4015/icon.jpg?4","Step It Up"
"https://fortnite.gg/cosmetics?id=3884","https://fortnite.gg/img/items/3884/icon.jpg?4","Make It Rain"
"https://fortnite.gg/cosmetics?id=3781","https://fortnite.gg/img/items/3781/icon.jpg?4","Flippin' Sexy"
"https://fortnite.gg/cosmetics?id=3946","https://fortnite.gg/img/items/3946/icon.jpg?4","Reanimated"
"https://fortnite.gg/cosmetics?id=3700","https://fortnite.gg/img/items/3700/icon.jpg?4","Breakin'"
"https://fortnite.gg/cosmetics?id=4041","https://fortnite.gg/img/items/4041/icon.jpg?4","The Robot"
"https://fortnite.gg/cosmetics?id=4032","https://fortnite.gg/img/items/4032/icon.jpg?4","Take The L"
"https://fortnite.gg/cosmetics?id=3683","https://fortnite.gg/img/items/3683/icon.jpg?2","Best Mates"
"https://fortnite.gg/cosmetics?id=3966","https://fortnite.gg/img/items/3966/icon.jpg?4","Salute"
"https://fortnite.gg/cosmetics?id=3764","https://fortnite.gg/img/items/3764/icon.jpg?4","Face Palm"
"https://fortnite.gg/cosmetics?id=3863","https://fortnite.gg/img/items/3863/icon.jpg?4","Kiss Kiss"
"https://fortnite.gg/cosmetics?id=4055","https://fortnite.gg/img/items/4055/icon.jpg?4","True Love"
"https://fortnite.gg/cosmetics?id=3937","https://fortnite.gg/img/items/3937/icon.jpg?4","Pure Salt"
"https://fortnite.gg/cosmetics?id=3777","https://fortnite.gg/img/items/3777/icon.jpg?4","Flapper"
"https://fortnite.gg/cosmetics?id=3813","https://fortnite.gg/img/items/3813/icon.jpg?4","Gun Show"
"https://fortnite.gg/cosmetics?id=3771","https://fortnite.gg/img/items/3771/icon.jpg?4","Finger Guns"
"https://fortnite.gg/cosmetics?id=3738","https://fortnite.gg/img/items/3738/icon.jpg?4","Dab"
"https://fortnite.gg/cosmetics?id=3790","https://fortnite.gg/img/items/3790/icon.jpg?4","Fresh"
"https://fortnite.gg/cosmetics?id=3994","https://fortnite.gg/img/items/3994/icon.jpg?4","Slow Clap"
"https://fortnite.gg/cosmetics?id=3761","https://fortnite.gg/img/items/3761/icon.jpg?4","Electro Shuffle"
"https://fortnite.gg/cosmetics?id=4042","https://fortnite.gg/img/items/4042/icon.jpg?4","The Worm"
"https://fortnite.gg/cosmetics?id=3955","https://fortnite.gg/img/items/3955/icon.jpg?4","Ride The Pony"
"https://fortnite.gg/cosmetics?id=3782","https://fortnite.gg/img/items/3782/icon.jpg?4","Floss"
"https://fortnite.gg/cosmetics?id=4071","https://fortnite.gg/img/items/4071/icon.jpg?4","Wave"
"https://fortnite.gg/cosmetics?id=3740","https://fortnite.gg/img/items/3740/icon.jpg?6","Dance Moves"
