item-icon href,item-icon-img src,item-icon-name
https://fnggcdn.com/items/4753/video.mp4,https://fortnite.gg/img/items/4753/icon.jpg?6,Rainbow Racer
https://fnggcdn.com/items/4642/video.mp4,https://fortnite.gg/img/items/4642/icon.jpg?10,Rebirth Harley Quinn
https://fnggcdn.com/items/4899/video.mp4,https://fortnite.gg/img/items/4899/icon.jpg?8,Dizzie
https://fnggcdn.com/items/4900/video.mp4,https://fortnite.gg/img/items/4900/icon.jpg?8,Fixer
https://fnggcdn.com/items/4897/video.mp4,https://fortnite.gg/img/items/4897/icon.jpg?12,Chiara
https://fnggcdn.com/items/4750/video.mp4,https://fortnite.gg/img/items/4750/icon.jpg?14,Orelia
https://fnggcdn.com/items/4902/video.mp4,https://fortnite.gg/img/items/4902/icon.jpg?10,Spire Immortal
https://fnggcdn.com/items/4898/video.mp4,https://fortnite.gg/img/items/4898/icon.jpg?12,Spartan Assassin
https://fnggcdn.com/items/4926/video.mp4,https://fortnite.gg/img/items/4926/icon.jpg?8,Deathstroke Zero
https://fnggcdn.com/items/4938/video.mp4,https://fortnite.gg/img/items/4938/icon.jpg?14,Mecha Cuddle Master
https://fnggcdn.com/items/7606/video.mp4,https://fortnite.gg/img/items/7606/icon.jpg?6,Kelsier
https://fnggcdn.com/items/4903/video.mp4,https://fortnite.gg/img/items/4903/icon.jpg?10,The Champion
https://fnggcdn.com/items/4735/video.mp4,https://fortnite.gg/img/items/4735/icon.jpg?12,D'ugh
https://fnggcdn.com/items/4779/video.mp4,https://fortnite.gg/img/items/4779/icon.jpg?9,Triple-Double
https://fnggcdn.com/items/4778/video.mp4,https://fortnite.gg/img/items/4778/icon.jpg?9,Splash Specialist
https://fnggcdn.com/items/4776/video.mp4,https://fortnite.gg/img/items/4776/icon.jpg?9,Rebound Raider
https://fnggcdn.com/items/4775/video.mp4,https://fortnite.gg/img/items/4775/icon.jpg?9,Rain Maker
https://fnggcdn.com/items/4771/video.mp4,https://fortnite.gg/img/items/4771/icon.jpg?9,Half-Court Hero
https://fnggcdn.com/items/4770/video.mp4,https://fortnite.gg/img/items/4770/icon.jpg?9,Fast Break
https://fnggcdn.com/items/4769/video.mp4,https://fortnite.gg/img/items/4769/icon.jpg?9,Fadeaway
https://fnggcdn.com/items/4768/video.mp4,https://fortnite.gg/img/items/4768/icon.jpg?9,Dynamo Dribbler
https://fnggcdn.com/items/4766/video.mp4,https://fortnite.gg/img/items/4766/icon.jpg?9,Crossover Champion
https://fnggcdn.com/items/4765/video.mp4,https://fortnite.gg/img/items/4765/icon.jpg?9,Buzzer Beater
https://fnggcdn.com/items/4760/video.mp4,https://fortnite.gg/img/items/4760/icon.jpg?10,Catwoman Zero
https://fnggcdn.com/items/4747/video.mp4,https://fortnite.gg/img/items/4747/icon.jpg?8,Lyra
https://fnggcdn.com/items/4748/video.mp4,https://fortnite.gg/img/items/4748/icon.jpg?7,Marius
https://fnggcdn.com/items/4738/video.mp4,https://fortnite.gg/img/items/4738/icon.jpg?11,Etheria
https://fnggcdn.com/items/4729/video.mp4,https://fortnite.gg/img/items/4729/icon.jpg?10,Beast Boy
https://fnggcdn.com/items/4675/video.mp4,https://fortnite.gg/img/items/4675/icon.jpg?12,Gia
https://fnggcdn.com/items/4717/video.mp4,https://fortnite.gg/img/items/4717/icon.jpg?12,Toon Meowscles
https://fnggcdn.com/items/4702/video.mp4,https://fortnite.gg/img/items/4702/icon.jpg?8,Zzaria The Cruel
https://fnggcdn.com/items/4699/video.mp4,https://fortnite.gg/img/items/4699/icon.jpg?8,Surrr Burger
https://fnggcdn.com/items/4686/video.mp4,https://fortnite.gg/img/items/4686/icon.jpg?8,Pico de Gallant
https://fnggcdn.com/items/4707/video.mp4,https://fortnite.gg/img/items/4707/icon.jpg?10,Batman Zero
https://fnggcdn.com/items/341/video.mp4,https://fortnite.gg/img/items/341/icon.jpg?12,Wake Rider
https://fnggcdn.com/items/4688/video.mp4,https://fortnite.gg/img/items/4688/icon.jpg?12,Raptorian The Brave
https://fnggcdn.com/items/4691/video.mp4,https://fortnite.gg/img/items/4691/icon.jpg?12,Scrapknight Jules
https://fnggcdn.com/items/4669/video.mp4,https://fortnite.gg/img/items/4669/icon.jpg?15,Deimos
https://fnggcdn.com/items/4683/video.mp4,https://fortnite.gg/img/items/4683/icon.jpg?7,Neymar Jr
https://fnggcdn.com/items/4640/video.mp4,https://fortnite.gg/img/items/4640/icon.jpg?8,Grimey
https://fnggcdn.com/items/4638/video.mp4,https://fortnite.gg/img/items/4638/icon.jpg?12,Aspen
https://fnggcdn.com/items/4639/video.mp4,https://fortnite.gg/img/items/4639/icon.jpg?12,Eco
https://fnggcdn.com/items/4641/video.mp4,https://fortnite.gg/img/items/4641/icon.jpg?12,Princess Felicity Fish
https://fnggcdn.com/items/4651/video.mp4,https://fortnite.gg/img/items/4651/icon.jpg?9,Aloy
https://fnggcdn.com/items/4493/video.mp4,https://fortnite.gg/img/items/4493/icon.jpg?8,Robo-Ray
https://fnggcdn.com/items/4609/video.mp4,https://fortnite.gg/img/items/4609/icon.jpg?8,Yuki
https://fnggcdn.com/items/4606/video.mp4,https://fortnite.gg/img/items/4606/icon.jpg?8,Megumi
https://fnggcdn.com/items/4601/video.mp4,https://fortnite.gg/img/items/4601/icon.jpg?9,Chigusa
https://fnggcdn.com/items/4607/video.mp4,https://fortnite.gg/img/items/4607/icon.jpg?12,Webster
https://fnggcdn.com/items/4605/video.mp4,https://fortnite.gg/img/items/4605/icon.jpg?13,Megg
https://fnggcdn.com/items/4608/video.mp4,https://fortnite.gg/img/items/4608/icon.jpg?13,Whiska
https://fnggcdn.com/items/4603/video.mp4,https://fortnite.gg/img/items/4603/icon.jpg?13,Hopscotch
https://fnggcdn.com/items/4600/video.mp4,https://fortnite.gg/img/items/4600/icon.jpg?13,CeeCee
https://fnggcdn.com/items/4599/video.mp4,https://fortnite.gg/img/items/4599/icon.jpg?13,Bunya
https://fnggcdn.com/items/4597/video.mp4,https://fortnite.gg/img/items/4597/icon.jpg?13,Babbit
https://fnggcdn.com/items/4567/video.mp4,https://fortnite.gg/img/items/4567/icon.jpg?15,Alli
https://fnggcdn.com/items/4616/video.mp4,https://fortnite.gg/img/items/4616/icon.jpg?13,Diamond Hanz
https://fnggcdn.com/items/4463/video.mp4,https://fortnite.gg/img/items/4463/icon.jpg?14,Showdown
https://fnggcdn.com/items/4462/video.mp4,https://fortnite.gg/img/items/4462/icon.jpg?12,Fanatic
https://fnggcdn.com/items/4602/video.mp4,https://fortnite.gg/img/items/4602/icon.jpg?13,Dutch
https://fnggcdn.com/items/4446/video.mp4,https://fortnite.gg/img/items/4446/icon.jpg?9,Centurion
https://fnggcdn.com/items/4487/video.mp4,https://fortnite.gg/img/items/4487/icon.jpg?11,Grave Feather
https://fnggcdn.com/items/41/video.mp4,https://fortnite.gg/img/items/41/icon.jpg?14,Trinity Trooper
https://fnggcdn.com/items/4488/video.mp4,https://fortnite.gg/img/items/4488/icon.jpg?9,Isabelle
https://fnggcdn.com/items/4490/video.mp4,https://fortnite.gg/img/items/4490/icon.jpg?8,Potassius Peels
https://fnggcdn.com/items/4489/video.mp4,https://fortnite.gg/img/items/4489/icon.jpg?6,Lara Croft
https://fnggcdn.com/items/4492/video.mp4,https://fortnite.gg/img/items/4492/icon.jpg?9,Rebirth Raven
https://fnggcdn.com/items/4494/video.mp4,https://fortnite.gg/img/items/4494/icon.jpg?8,Spire Assassin
https://fnggcdn.com/items/4491/video.mp4,https://fortnite.gg/img/items/4491/icon.jpg?8,Raz
https://fnggcdn.com/items/4495/video.mp4,https://fortnite.gg/img/items/4495/icon.jpg?8,Tarana
https://fnggcdn.com/items/4486/video.mp4,https://fortnite.gg/img/items/4486/icon.jpg?8,Cluck
https://fnggcdn.com/items/4485/video.mp4,https://fortnite.gg/img/items/4485/icon.jpg?6,Agent Jones
https://fnggcdn.com/items/331/video.mp4,https://fortnite.gg/img/items/331/icon.jpg?15,Terns
https://fnggcdn.com/items/207/video.mp4,https://fortnite.gg/img/items/207/icon.jpg?14,Envision
https://fnggcdn.com/items/211/video.mp4,https://fortnite.gg/img/items/211/icon.jpg?12,Cyclo
https://fnggcdn.com/items/241/video.mp4,https://fortnite.gg/img/items/241/icon.jpg?17,Professor Slurpo
https://fnggcdn.com/items/240/video.mp4,https://fortnite.gg/img/items/240/icon.jpg?11,Slurpentine
https://fnggcdn.com/items/214/video.mp4,https://fortnite.gg/img/items/214/icon.jpg?12,Renegade Shadow
https://fnggcdn.com/items/200/video.mp4,https://fortnite.gg/img/items/200/icon.jpg?12,Wild Gunner
https://fnggcdn.com/items/210/video.mp4,https://fortnite.gg/img/items/210/icon.jpg?10,Vix
https://fnggcdn.com/items/231/video.mp4,https://fortnite.gg/img/items/231/icon.jpg?12,Hit Man
https://fnggcdn.com/items/244/video.mp4,https://fortnite.gg/img/items/244/icon.jpg?9,Hugo
https://fnggcdn.com/items/202/video.mp4,https://fortnite.gg/img/items/202/icon.jpg?14,Nightlife
https://fnggcdn.com/items/204/video.mp4,https://fortnite.gg/img/items/204/icon.jpg?12,Sig
https://fnggcdn.com/items/203/video.mp4,https://fortnite.gg/img/items/203/icon.jpg?11,Goldie
https://fnggcdn.com/items/209/video.mp4,https://fortnite.gg/img/items/209/icon.jpg?12,Guff
https://fnggcdn.com/items/226/video.mp4,https://fortnite.gg/img/items/226/icon.jpg?14,Synth
https://fnggcdn.com/items/208/video.mp4,https://fortnite.gg/img/items/208/icon.jpg?7,Rue
https://fnggcdn.com/items/251/video.mp4,https://fortnite.gg/img/items/251/icon.jpg?11,Travis Scott
https://fnggcdn.com/items/201/video.mp4,https://fortnite.gg/img/items/201/icon.jpg?14,Astro Jack
https://fnggcdn.com/items/290/video.mp4,https://fortnite.gg/img/items/290/icon.jpg?12,Bonehead
https://fnggcdn.com/items/213/video.mp4,https://fortnite.gg/img/items/213/icon.jpg?9,Siren
https://fnggcdn.com/items/206/video.mp4,https://fortnite.gg/img/items/206/icon.jpg?15,Wolf
https://fnggcdn.com/items/225/video.mp4,https://fortnite.gg/img/items/225/icon.jpg?13,Domino
https://fnggcdn.com/items/224/video.mp4,https://fortnite.gg/img/items/224/icon.jpg?13,Psylocke
https://fnggcdn.com/items/223/video.mp4,https://fortnite.gg/img/items/223/icon.jpg?13,Cable
https://fnggcdn.com/items/245/video.mp4,https://fortnite.gg/img/items/245/icon.jpg?8,Point Patroller
https://fnggcdn.com/items/233/video.mp4,https://fortnite.gg/img/items/233/icon.jpg?12,Wiretap
https://fnggcdn.com/items/219/video.mp4,https://fortnite.gg/img/items/219/icon.jpg?12,Bun Bun
https://fnggcdn.com/items/217/video.mp4,https://fortnite.gg/img/items/217/icon.jpg?8,Quackling
https://fnggcdn.com/items/216/video.mp4,https://fortnite.gg/img/items/216/icon.jpg?10,Ravenpool
https://fnggcdn.com/items/215/video.mp4,https://fortnite.gg/img/items/215/icon.jpg?11,Cuddlepool
https://fnggcdn.com/items/220/video.mp4,https://fortnite.gg/img/items/220/icon.jpg?13,Stella
https://fnggcdn.com/items/218/video.mp4,https://fortnite.gg/img/items/218/icon.jpg?12,Redux
https://fnggcdn.com/items/222/video.mp4,https://fortnite.gg/img/items/222/icon.jpg?13,Boxer
https://fnggcdn.com/items/221/video.mp4,https://fortnite.gg/img/items/221/icon.jpg?13,Boxy
https://fnggcdn.com/items/229/video.mp4,https://fortnite.gg/img/items/229/icon.jpg?12,Master Minotaur
https://fnggcdn.com/items/234/video.mp4,https://fortnite.gg/img/items/234/icon.jpg?12,Blockade Runner
https://fnggcdn.com/items/277/video.mp4,https://fortnite.gg/img/items/277/icon.jpg?8,Oro
https://fnggcdn.com/items/235/video.mp4,https://fortnite.gg/img/items/235/icon.jpg?6,Contract Giller
https://fnggcdn.com/items/228/video.mp4,https://fortnite.gg/img/items/228/icon.jpg?9,Crimson Elite
https://fnggcdn.com/items/227/video.mp4,https://fortnite.gg/img/items/227/icon.jpg?10,Scarlet Commander
https://fnggcdn.com/items/248/video.mp4,https://fortnite.gg/img/items/248/icon.jpg?17,Slurp Jonesy
https://fnggcdn.com/items/247/video.mp4,https://fortnite.gg/img/items/247/icon.jpg?10,Slurp Bandolette
https://fnggcdn.com/items/246/video.mp4,https://fortnite.gg/img/items/246/icon.jpg?10,Slurp Leviathan
https://fnggcdn.com/items/232/video.mp4,https://fortnite.gg/img/items/232/icon.jpg?12,Envoy
https://fnggcdn.com/items/230/video.mp4,https://fortnite.gg/img/items/230/icon.jpg?13,Tailor
https://fnggcdn.com/items/237/video.mp4,https://fortnite.gg/img/items/237/icon.jpg?12,Chance
https://fnggcdn.com/items/239/video.mp4,https://fortnite.gg/img/items/239/icon.jpg?14,Clover Team Leader
https://fnggcdn.com/items/287/video.mp4,https://fortnite.gg/img/items/287/icon.jpg?12,Komplex
https://fnggcdn.com/items/236/video.mp4,https://fortnite.gg/img/items/236/icon.jpg?13,Zina
https://fnggcdn.com/items/242/video.mp4,https://fortnite.gg/img/items/242/icon.jpg?10,Echo
https://fnggcdn.com/items/243/video.mp4,https://fortnite.gg/img/items/243/icon.jpg?13,Farmer Steel
https://fnggcdn.com/items/265/video.mp4,https://fortnite.gg/img/items/265/icon.jpg?15,Deadlock
https://fnggcdn.com/items/312/video.mp4,https://fortnite.gg/img/items/312/icon.jpg?12,LLion
https://fnggcdn.com/items/311/video.mp4,https://fortnite.gg/img/items/311/icon.jpg?12,Bunnywolf
https://fnggcdn.com/items/257/video.mp4,https://fortnite.gg/img/items/257/icon.jpg?13,Mystify
https://fnggcdn.com/items/276/video.mp4,https://fortnite.gg/img/items/276/icon.jpg?12,Tango
https://fnggcdn.com/items/267/video.mp4,https://fortnite.gg/img/items/267/icon.jpg?10,Tek
https://fnggcdn.com/items/266/video.mp4,https://fortnite.gg/img/items/266/icon.jpg?10,Terra
https://fnggcdn.com/items/249/video.mp4,https://fortnite.gg/img/items/249/icon.jpg?7,Deadpool
https://fnggcdn.com/items/261/video.mp4,https://fortnite.gg/img/items/261/icon.jpg?6,Midas
https://fnggcdn.com/items/259/video.mp4,https://fortnite.gg/img/items/259/icon.jpg?8,Gear Specialist Maya
https://fnggcdn.com/items/264/video.mp4,https://fortnite.gg/img/items/264/icon.jpg?8,TNTina
https://fnggcdn.com/items/263/video.mp4,https://fortnite.gg/img/items/263/icon.jpg?6,Skye
https://fnggcdn.com/items/262/video.mp4,https://fortnite.gg/img/items/262/icon.jpg?8,Brutus
https://fnggcdn.com/items/260/video.mp4,https://fortnite.gg/img/items/260/icon.jpg?6,Meowscles
https://fnggcdn.com/items/253/video.mp4,https://fortnite.gg/img/items/253/icon.jpg?8,Agent Peely
https://fnggcdn.com/items/278/video.mp4,https://fortnite.gg/img/items/278/icon.jpg?8,Iris
https://fnggcdn.com/items/254/video.mp4,https://fortnite.gg/img/items/254/icon.jpg?12,Candyman
https://fnggcdn.com/items/256/video.mp4,https://fortnite.gg/img/items/256/icon.jpg?13,Pinkie
https://fnggcdn.com/items/255/video.mp4,https://fortnite.gg/img/items/255/icon.jpg?10,Crusher
https://fnggcdn.com/items/252/video.mp4,https://fortnite.gg/img/items/252/icon.jpg?10,Ex
https://fnggcdn.com/items/258/video.mp4,https://fortnite.gg/img/items/258/icon.jpg?12,Lovethorn
https://fnggcdn.com/items/250/video.mp4,https://fortnite.gg/img/items/250/icon.jpg?10,Harley Quinn
https://fnggcdn.com/items/324/video.mp4,https://fortnite.gg/img/items/324/icon.jpg?14,Zadie
https://fnggcdn.com/items/323/video.mp4,https://fortnite.gg/img/items/323/icon.jpg?12,Metal Mouth
https://fnggcdn.com/items/289/video.mp4,https://fortnite.gg/img/items/289/icon.jpg?10,Clash
https://fnggcdn.com/items/268/video.mp4,https://fortnite.gg/img/items/268/icon.jpg?8,Caution
https://fnggcdn.com/items/326/video.mp4,https://fortnite.gg/img/items/326/icon.jpg?12,Stingray
https://fnggcdn.com/items/436/video.mp4,https://fortnite.gg/img/items/436/icon.jpg?11,Shifu
https://fnggcdn.com/items/271/video.mp4,https://fortnite.gg/img/items/271/icon.jpg?12,Smoke Dragon
https://fnggcdn.com/items/269/video.mp4,https://fortnite.gg/img/items/269/icon.jpg?12,Jade Racer
https://fnggcdn.com/items/273/video.mp4,https://fortnite.gg/img/items/273/icon.jpg?12,Swift
https://fnggcdn.com/items/270/video.mp4,https://fortnite.gg/img/items/270/icon.jpg?10,Tigeress
https://fnggcdn.com/items/272/video.mp4,https://fortnite.gg/img/items/272/icon.jpg?12,Gan
https://fnggcdn.com/items/288/video.mp4,https://fortnite.gg/img/items/288/icon.jpg?8,Jellie
https://fnggcdn.com/items/286/video.mp4,https://fortnite.gg/img/items/286/icon.jpg?12,Snow Striker
https://fnggcdn.com/items/285/video.mp4,https://fortnite.gg/img/items/285/icon.jpg?12,Ice Stalker
https://fnggcdn.com/items/284/video.mp4,https://fortnite.gg/img/items/284/icon.jpg?12,Arctic Intel
https://fnggcdn.com/items/283/video.mp4,https://fortnite.gg/img/items/283/icon.jpg?12,Chillout
https://fnggcdn.com/items/282/video.mp4,https://fortnite.gg/img/items/282/icon.jpg?14,Snow Sniper
https://fnggcdn.com/items/281/video.mp4,https://fortnite.gg/img/items/281/icon.jpg?14,Ice Intercept
https://fnggcdn.com/items/280/video.mp4,https://fortnite.gg/img/items/280/icon.jpg?13,Hailstorm
https://fnggcdn.com/items/279/video.mp4,https://fortnite.gg/img/items/279/icon.jpg?10,Chill Count
https://fnggcdn.com/items/343/video.mp4,https://fortnite.gg/img/items/343/icon.jpg?16,Ninja
https://fnggcdn.com/items/275/video.mp4,https://fortnite.gg/img/items/275/icon.jpg?12,Bull Shark
https://fnggcdn.com/items/292/video.mp4,https://fortnite.gg/img/items/292/icon.jpg?8,Monks
https://fnggcdn.com/items/372/video.mp4,https://fortnite.gg/img/items/372/icon.jpg?10,Wrangler
https://fnggcdn.com/items/371/video.mp4,https://fortnite.gg/img/items/371/icon.jpg?8,Rustler
https://fnggcdn.com/items/392/video.mp4,https://fortnite.gg/img/items/392/icon.jpg?12,Brite Blaster
https://fnggcdn.com/items/327/video.mp4,https://fortnite.gg/img/items/327/icon.jpg?13,Depth Dealer
https://fnggcdn.com/items/302/video.mp4,https://fortnite.gg/img/items/302/icon.jpg?13,Arctica
https://fnggcdn.com/items/291/video.mp4,https://fortnite.gg/img/items/291/icon.jpg?13,Snow Patroller
https://fnggcdn.com/items/308/video.mp4,https://fortnite.gg/img/items/308/icon.jpg?8,Astra
https://fnggcdn.com/items/310/video.mp4,https://fortnite.gg/img/items/310/icon.jpg?14,Polar Patroller
https://fnggcdn.com/items/600/video.mp4,https://fortnite.gg/img/items/600/icon.jpg?14,Bao Bros
https://fnggcdn.com/items/295/video.mp4,https://fortnite.gg/img/items/295/icon.jpg?13,Flatfoot
https://fnggcdn.com/items/303/video.mp4,https://fortnite.gg/img/items/303/icon.jpg?12,Shiver
https://fnggcdn.com/items/304/video.mp4,https://fortnite.gg/img/items/304/icon.jpg?10,Cutiepie
https://fnggcdn.com/items/301/video.mp4,https://fortnite.gg/img/items/301/icon.jpg?10,PJ Patroller
https://fnggcdn.com/items/300/video.mp4,https://fortnite.gg/img/items/300/icon.jpg?12,Holly Jammer
https://fnggcdn.com/items/299/video.mp4,https://fortnite.gg/img/items/299/icon.jpg?12,Jolly Jammer
https://fnggcdn.com/items/298/video.mp4,https://fortnite.gg/img/items/298/icon.jpg?12,Cozy Commander
https://fnggcdn.com/items/306/video.mp4,https://fortnite.gg/img/items/306/icon.jpg?8,The Devourer
https://fnggcdn.com/items/297/video.mp4,https://fortnite.gg/img/items/297/icon.jpg?8,Frozen Nog Ops
https://fnggcdn.com/items/294/video.mp4,https://fortnite.gg/img/items/294/icon.jpg?8,Frozen Fishstick
https://fnggcdn.com/items/309/video.mp4,https://fortnite.gg/img/items/309/icon.jpg?10,Dolph
https://fnggcdn.com/items/319/video.mp4,https://fortnite.gg/img/items/319/icon.jpg?10,Kane
https://fnggcdn.com/items/296/video.mp4,https://fortnite.gg/img/items/296/icon.jpg?8,Frosted Flurry
https://fnggcdn.com/items/318/video.mp4,https://fortnite.gg/img/items/318/icon.jpg?14,Kylo Ren
https://fnggcdn.com/items/317/video.mp4,https://fortnite.gg/img/items/317/icon.jpg?16,Zorii Bliss
https://fnggcdn.com/items/307/video.mp4,https://fortnite.gg/img/items/307/icon.jpg?6,Lt. Evergreen
https://fnggcdn.com/items/305/video.mp4,https://fortnite.gg/img/items/305/icon.jpg?6,Wooly Warrior
https://fnggcdn.com/items/402/video.mp4,https://fortnite.gg/img/items/402/icon.jpg?12,Bash
https://fnggcdn.com/items/321/video.mp4,https://fortnite.gg/img/items/321/icon.jpg?10,Yule Trooper
https://fnggcdn.com/items/316/video.mp4,https://fortnite.gg/img/items/316/icon.jpg?13,Finn
https://fnggcdn.com/items/315/video.mp4,https://fortnite.gg/img/items/315/icon.jpg?16,Rey
https://fnggcdn.com/items/314/video.mp4,https://fortnite.gg/img/items/314/icon.jpg?14,Sith Trooper
https://fnggcdn.com/items/293/video.mp4,https://fortnite.gg/img/items/293/icon.jpg?8,Trilogy
https://fnggcdn.com/items/333/video.mp4,https://fortnite.gg/img/items/333/icon.jpg?10,Hush
https://fnggcdn.com/items/322/video.mp4,https://fortnite.gg/img/items/322/icon.jpg?9,Bundles
https://fnggcdn.com/items/320/video.mp4,https://fortnite.gg/img/items/320/icon.jpg?10,Globe Shaker
https://fnggcdn.com/items/361/video.mp4,https://fortnite.gg/img/items/361/icon.jpg?12,Dominion
https://fnggcdn.com/items/332/video.mp4,https://fortnite.gg/img/items/332/icon.jpg?20,The Autumn Queen
https://fnggcdn.com/items/337/video.mp4,https://fortnite.gg/img/items/337/icon.jpg?12,Riley
https://fnggcdn.com/items/328/video.mp4,https://fortnite.gg/img/items/328/icon.jpg?11,Sklaxis
https://fnggcdn.com/items/325/video.mp4,https://fortnite.gg/img/items/325/icon.jpg?11,Triggerfish
https://fnggcdn.com/items/329/video.mp4,https://fortnite.gg/img/items/329/icon.jpg?15,Big Chuggus
https://fnggcdn.com/items/334/video.mp4,https://fortnite.gg/img/items/334/icon.jpg?8,Sorana
https://fnggcdn.com/items/330/video.mp4,https://fortnite.gg/img/items/330/icon.jpg?8,Brilliant Bomber
https://fnggcdn.com/items/342/video.mp4,https://fortnite.gg/img/items/342/icon.jpg?14,Surf Rider
https://fnggcdn.com/items/339/video.mp4,https://fortnite.gg/img/items/339/icon.jpg?8,Trench Raider
https://fnggcdn.com/items/336/video.mp4,https://fortnite.gg/img/items/336/icon.jpg?16,Imperial Stormtrooper
https://fnggcdn.com/items/348/video.mp4,https://fortnite.gg/img/items/348/icon.jpg?12,Deadeye
https://fnggcdn.com/items/335/video.mp4,https://fortnite.gg/img/items/335/icon.jpg?10,The Brat
https://fnggcdn.com/items/367/video.mp4,https://fortnite.gg/img/items/367/icon.jpg?18,Dark Rex
https://fnggcdn.com/items/366/video.mp4,https://fortnite.gg/img/items/366/icon.jpg?18,Dark Tricera Ops
https://fnggcdn.com/items/338/video.mp4,https://fortnite.gg/img/items/338/icon.jpg?11,Bushranger
https://fnggcdn.com/items/435/video.mp4,https://fortnite.gg/img/items/435/icon.jpg?8,Shadow Ark
https://fnggcdn.com/items/428/video.mp4,https://fortnite.gg/img/items/428/icon.jpg?10,Molten Omen
https://fnggcdn.com/items/374/video.mp4,https://fortnite.gg/img/items/374/icon.jpg?10,Dark Power Chord
https://fnggcdn.com/items/369/video.mp4,https://fortnite.gg/img/items/369/icon.jpg?13,Grim Fable
https://fnggcdn.com/items/340/video.mp4,https://fortnite.gg/img/items/340/icon.jpg?12,Hemlock
https://fnggcdn.com/items/346/video.mp4,https://fortnite.gg/img/items/346/icon.jpg?8,Peely Bone
https://fnggcdn.com/items/362/video.mp4,https://fortnite.gg/img/items/362/icon.jpg?12,Haze
https://fnggcdn.com/items/373/video.mp4,https://fortnite.gg/img/items/373/icon.jpg?8,Wavebreaker
https://fnggcdn.com/items/349/video.mp4,https://fortnite.gg/img/items/349/icon.jpg?10,Wrath
https://fnggcdn.com/items/351/video.mp4,https://fortnite.gg/img/items/351/icon.jpg?9,Big Mouth
https://fnggcdn.com/items/359/video.mp4,https://fortnite.gg/img/items/359/icon.jpg?13,Sinister Striker
https://fnggcdn.com/items/358/video.mp4,https://fortnite.gg/img/items/358/icon.jpg?12,Midfield Monstrosity
https://fnggcdn.com/items/357/video.mp4,https://fortnite.gg/img/items/357/icon.jpg?12,Burial Threat
https://fnggcdn.com/items/356/video.mp4,https://fortnite.gg/img/items/356/icon.jpg?12,Soulless Sweeper
https://fnggcdn.com/items/355/video.mp4,https://fortnite.gg/img/items/355/icon.jpg?11,Decaying Dribbler
https://fnggcdn.com/items/354/video.mp4,https://fortnite.gg/img/items/354/icon.jpg?12,Putrid Playmaker
https://fnggcdn.com/items/353/video.mp4,https://fortnite.gg/img/items/353/icon.jpg?12,Fatal Finisher
https://fnggcdn.com/items/352/video.mp4,https://fortnite.gg/img/items/352/icon.jpg?12,Crypt Crosser
https://fnggcdn.com/items/360/video.mp4,https://fortnite.gg/img/items/360/icon.jpg?13,Delirium
https://fnggcdn.com/items/350/video.mp4,https://fortnite.gg/img/items/350/icon.jpg?12,Chaos Agent
https://fnggcdn.com/items/363/video.mp4,https://fortnite.gg/img/items/363/icon.jpg?8,Catrina
https://fnggcdn.com/items/347/video.mp4,https://fortnite.gg/img/items/347/icon.jpg?8,Willow
https://fnggcdn.com/items/345/video.mp4,https://fortnite.gg/img/items/345/icon.jpg?8,Blacklight
https://fnggcdn.com/items/364/video.mp4,https://fortnite.gg/img/items/364/icon.jpg?12,Teef
https://fnggcdn.com/items/365/video.mp4,https://fortnite.gg/img/items/365/icon.jpg?12,Jawbreaker
https://fnggcdn.com/items/368/video.mp4,https://fortnite.gg/img/items/368/icon.jpg?15,Snuggs
https://fnggcdn.com/items/370/video.mp4,https://fortnite.gg/img/items/370/icon.jpg?11,Outcast
https://fnggcdn.com/items/378/video.mp4,https://fortnite.gg/img/items/378/icon.jpg?10,Rippley vs Sludge
https://fnggcdn.com/items/376/video.mp4,https://fortnite.gg/img/items/376/icon.jpg?8,Fusion
https://fnggcdn.com/items/375/video.mp4,https://fortnite.gg/img/items/375/icon.jpg?11,Zero
https://fnggcdn.com/items/380/video.mp4,https://fortnite.gg/img/items/380/icon.jpg?8,8-Ball vs Scratch
https://fnggcdn.com/items/377/video.mp4,https://fortnite.gg/img/items/377/icon.jpg?8,Cameo vs Chic
https://fnggcdn.com/items/382/video.mp4,https://fortnite.gg/img/items/382/icon.jpg?10,Turk vs Riptide
https://fnggcdn.com/items/381/video.mp4,https://fortnite.gg/img/items/381/icon.jpg?8,Journey vs Hazard
https://fnggcdn.com/items/379/video.mp4,https://fortnite.gg/img/items/379/icon.jpg?8,Remedy vs Toxin
https://fnggcdn.com/items/398/video.mp4,https://fortnite.gg/img/items/398/icon.jpg?8,The Paradigm
https://fnggcdn.com/items/406/video.mp4,https://fortnite.gg/img/items/406/icon.jpg?12,Starlie
https://fnggcdn.com/items/404/video.mp4,https://fortnite.gg/img/items/404/icon.jpg?15,Street Striker
https://fnggcdn.com/items/412/video.mp4,https://fortnite.gg/img/items/412/icon.jpg?12,Toxic Tagger
https://fnggcdn.com/items/418/video.mp4,https://fortnite.gg/img/items/418/icon.jpg?11,Ruby
https://fnggcdn.com/items/399/video.mp4,https://fortnite.gg/img/items/399/icon.jpg?8,Manic
https://fnggcdn.com/items/393/video.mp4,https://fortnite.gg/img/items/393/icon.jpg?12,Slingshot
https://fnggcdn.com/items/397/video.mp4,https://fortnite.gg/img/items/397/icon.jpg?12,Snakepit
https://fnggcdn.com/items/396/video.mp4,https://fortnite.gg/img/items/396/icon.jpg?12,Knockout
https://fnggcdn.com/items/395/video.mp4,https://fortnite.gg/img/items/395/icon.jpg?12,Deadfall
https://fnggcdn.com/items/394/video.mp4,https://fortnite.gg/img/items/394/icon.jpg?8,Vice
https://fnggcdn.com/items/400/video.mp4,https://fortnite.gg/img/items/400/icon.jpg?10,Red Jade
https://fnggcdn.com/items/422/video.mp4,https://fortnite.gg/img/items/422/icon.jpg?13,Stoneheart
https://fnggcdn.com/items/411/video.mp4,https://fortnite.gg/img/items/411/icon.jpg?8,P-1000
https://fnggcdn.com/items/391/video.mp4,https://fortnite.gg/img/items/391/icon.jpg?10,Ragsy
https://fnggcdn.com/items/465/video.mp4,https://fortnite.gg/img/items/465/icon.jpg?9,Glow
https://fnggcdn.com/items/444/video.mp4,https://fortnite.gg/img/items/444/icon.jpg?6,Hot Zone
https://fnggcdn.com/items/403/video.mp4,https://fortnite.gg/img/items/403/icon.jpg?10,Danger Zone
https://fnggcdn.com/items/423/video.mp4,https://fortnite.gg/img/items/423/icon.jpg?10,Sureshot
https://fnggcdn.com/items/414/video.mp4,https://fortnite.gg/img/items/414/icon.jpg?12,Slumber
https://fnggcdn.com/items/429/video.mp4,https://fortnite.gg/img/items/429/icon.jpg?8,Rogue Spider Knight
https://fnggcdn.com/items/462/video.mp4,https://fortnite.gg/img/items/462/icon.jpg?13,PJ Pepperoni
https://fnggcdn.com/items/417/video.mp4,https://fortnite.gg/img/items/417/icon.jpg?7,Batman Comic Book Outfit
https://fnggcdn.com/items/416/video.mp4,https://fortnite.gg/img/items/416/icon.jpg?7,The Dark Knight Movie Outfit
https://fnggcdn.com/items/410/video.mp4,https://fortnite.gg/img/items/410/icon.jpg?10,Zorgoton
https://fnggcdn.com/items/415/video.mp4,https://fortnite.gg/img/items/415/icon.jpg?8,Catwoman Comic Book Outfit
https://fnggcdn.com/items/408/video.mp4,https://fortnite.gg/img/items/408/icon.jpg?12,Hotwire
https://fnggcdn.com/items/420/video.mp4,https://fortnite.gg/img/items/420/icon.jpg?11,Limelight
https://fnggcdn.com/items/421/video.mp4,https://fortnite.gg/img/items/421/icon.jpg?12,Payback
https://fnggcdn.com/items/409/video.mp4,https://fortnite.gg/img/items/409/icon.jpg?12,Sizzle Sgt.
https://fnggcdn.com/items/413/video.mp4,https://fortnite.gg/img/items/413/icon.jpg?13,Moxie
https://fnggcdn.com/items/419/video.mp4,https://fortnite.gg/img/items/419/icon.jpg?9,Swamp Stalker
https://fnggcdn.com/items/434/video.mp4,https://fortnite.gg/img/items/434/icon.jpg?10,Dark Wild Card
https://fnggcdn.com/items/433/video.mp4,https://fortnite.gg/img/items/433/icon.jpg?10,Dark Red Knight
https://fnggcdn.com/items/432/video.mp4,https://fortnite.gg/img/items/432/icon.jpg?10,Dark Jonesy
https://fnggcdn.com/items/405/video.mp4,https://fortnite.gg/img/items/405/icon.jpg?8,The Scientist
https://fnggcdn.com/items/407/video.mp4,https://fortnite.gg/img/items/407/icon.jpg?12,Guaco
https://fnggcdn.com/items/427/video.mp4,https://fortnite.gg/img/items/427/icon.jpg?12,Aeronaut
https://fnggcdn.com/items/424/video.mp4,https://fortnite.gg/img/items/424/icon.jpg?12,Hard Charger
https://fnggcdn.com/items/425/video.mp4,https://fortnite.gg/img/items/425/icon.jpg?12,Sledge
https://fnggcdn.com/items/426/video.mp4,https://fortnite.gg/img/items/426/icon.jpg?12,Vulture
https://fnggcdn.com/items/431/video.mp4,https://fortnite.gg/img/items/431/icon.jpg?14,Catastrophe
https://fnggcdn.com/items/430/video.mp4,https://fortnite.gg/img/items/430/icon.jpg?6,Psycho Bandit
https://fnggcdn.com/items/441/video.mp4,https://fortnite.gg/img/items/441/icon.jpg?12,Fennix
https://fnggcdn.com/items/438/video.mp4,https://fortnite.gg/img/items/438/icon.jpg?11,Infinity
https://fnggcdn.com/items/443/video.mp4,https://fortnite.gg/img/items/443/icon.jpg?11,Freestyle
https://fnggcdn.com/items/470/video.mp4,https://fortnite.gg/img/items/470/icon.jpg?14,Major Lazer
https://fnggcdn.com/items/445/video.mp4,https://fortnite.gg/img/items/445/icon.jpg?12,Corrupted Voyager
https://fnggcdn.com/items/437/video.mp4,https://fortnite.gg/img/items/437/icon.jpg?12,Oppressor
https://fnggcdn.com/items/442/video.mp4,https://fortnite.gg/img/items/442/icon.jpg?8,Recon Ranger
https://fnggcdn.com/items/440/video.mp4,https://fortnite.gg/img/items/440/icon.jpg?12,Gutbomb
https://fnggcdn.com/items/439/video.mp4,https://fortnite.gg/img/items/439/icon.jpg?12,Hothouse
https://fnggcdn.com/items/557/video.mp4,https://fortnite.gg/img/items/557/icon.jpg?6,Red Strike
https://fnggcdn.com/items/448/video.mp4,https://fortnite.gg/img/items/448/icon.jpg?8,Grit
https://fnggcdn.com/items/454/video.mp4,https://fortnite.gg/img/items/454/icon.jpg?10,Bravo Leader
https://fnggcdn.com/items/464/video.mp4,https://fortnite.gg/img/items/464/icon.jpg?11,Bubble Bomber
https://fnggcdn.com/items/453/video.mp4,https://fortnite.gg/img/items/453/icon.jpg?14,Bone Wasp
https://fnggcdn.com/items/463/video.mp4,https://fortnite.gg/img/items/463/icon.jpg?12,Facet
https://fnggcdn.com/items/447/video.mp4,https://fortnite.gg/img/items/447/icon.jpg?12,Rio Grande
https://fnggcdn.com/items/446/video.mp4,https://fortnite.gg/img/items/446/icon.jpg?12,Frontier
https://fnggcdn.com/items/452/video.mp4,https://fortnite.gg/img/items/452/icon.jpg?13,Bronto
https://fnggcdn.com/items/451/video.mp4,https://fortnite.gg/img/items/451/icon.jpg?8,Crystal
https://fnggcdn.com/items/450/video.mp4,https://fortnite.gg/img/items/450/icon.jpg?8,B.R.U.T.E. Navigator
https://fnggcdn.com/items/449/video.mp4,https://fortnite.gg/img/items/449/icon.jpg?10,B.R.U.T.E. Gunner
https://fnggcdn.com/items/460/video.mp4,https://fortnite.gg/img/items/460/icon.jpg?8,Ultima Knight
https://fnggcdn.com/items/458/video.mp4,https://fortnite.gg/img/items/458/icon.jpg?6,Catalyst
https://fnggcdn.com/items/461/video.mp4,https://fortnite.gg/img/items/461/icon.jpg?8,Tilted Teknique
https://fnggcdn.com/items/459/video.mp4,https://fortnite.gg/img/items/459/icon.jpg?8,Sparkle Supreme
https://fnggcdn.com/items/457/video.mp4,https://fortnite.gg/img/items/457/icon.jpg?8,Y0ND3R
https://fnggcdn.com/items/456/video.mp4,https://fortnite.gg/img/items/456/icon.jpg?8,X-Lord
https://fnggcdn.com/items/455/video.mp4,https://fortnite.gg/img/items/455/icon.jpg?8,Eternal Voyager
https://fnggcdn.com/items/545/video.mp4,https://fortnite.gg/img/items/545/icon.jpg?14,Aura
https://fnggcdn.com/items/544/video.mp4,https://fortnite.gg/img/items/544/icon.jpg?13,Guild
https://fnggcdn.com/items/541/video.mp4,https://fortnite.gg/img/items/541/icon.jpg?8,Cole
https://fnggcdn.com/items/548/video.mp4,https://fortnite.gg/img/items/548/icon.jpg?8,Luminos
https://fnggcdn.com/items/547/video.mp4,https://fortnite.gg/img/items/547/icon.jpg?10,Dream
https://fnggcdn.com/items/546/video.mp4,https://fortnite.gg/img/items/546/icon.jpg?12,Daring Duelist
https://fnggcdn.com/items/549/video.mp4,https://fortnite.gg/img/items/549/icon.jpg?11,Sterling
https://fnggcdn.com/items/542/video.mp4,https://fortnite.gg/img/items/542/icon.jpg?12,Star-Lord Outfit
https://fnggcdn.com/items/569/video.mp4,https://fortnite.gg/img/items/569/icon.jpg?6,Inferno
https://fnggcdn.com/items/563/video.mp4,https://fortnite.gg/img/items/563/icon.jpg?8,Ruin
https://fnggcdn.com/items/543/video.mp4,https://fortnite.gg/img/items/543/icon.jpg?13,Black Widow Outfit
https://fnggcdn.com/items/553/video.mp4,https://fortnite.gg/img/items/553/icon.jpg?13,Splode
https://fnggcdn.com/items/552/video.mp4,https://fortnite.gg/img/items/552/icon.jpg?12,Nitehare
https://fnggcdn.com/items/551/video.mp4,https://fortnite.gg/img/items/551/icon.jpg?13,Hopper
https://fnggcdn.com/items/550/video.mp4,https://fortnite.gg/img/items/550/icon.jpg?8,Pastel
https://fnggcdn.com/items/556/video.mp4,https://fortnite.gg/img/items/556/icon.jpg?11,Supersonic
https://fnggcdn.com/items/3272/video.mp4,https://fortnite.gg/img/items/3272/icon.jpg?3,Gemini
https://fnggcdn.com/items/554/video.mp4,https://fortnite.gg/img/items/554/icon.jpg?10,Birdie
https://fnggcdn.com/items/555/video.mp4,https://fortnite.gg/img/items/555/icon.jpg?8,Stealth Reflex
https://fnggcdn.com/items/567/video.mp4,https://fortnite.gg/img/items/567/icon.jpg?12,Buccaneer
https://fnggcdn.com/items/566/video.mp4,https://fortnite.gg/img/items/566/icon.jpg?13,Sea Wolf
https://fnggcdn.com/items/558/video.mp4,https://fortnite.gg/img/items/558/icon.jpg?11,Prickly Patroller
https://fnggcdn.com/items/565/video.mp4,https://fortnite.gg/img/items/565/icon.jpg?9,Shaman
https://fnggcdn.com/items/564/video.mp4,https://fortnite.gg/img/items/564/icon.jpg?11,Nightwitch
https://fnggcdn.com/items/560/video.mp4,https://fortnite.gg/img/items/560/icon.jpg?12,Fastball
https://fnggcdn.com/items/559/video.mp4,https://fortnite.gg/img/items/559/icon.jpg?11,Slugger
https://fnggcdn.com/items/578/video.mp4,https://fortnite.gg/img/items/578/icon.jpg?8,Carbon Commando
https://fnggcdn.com/items/562/video.mp4,https://fortnite.gg/img/items/562/icon.jpg?8,Molten Battle Hound
https://fnggcdn.com/items/561/video.mp4,https://fortnite.gg/img/items/561/icon.jpg?10,Molten Valkyrie
https://fnggcdn.com/items/634/video.mp4,https://fortnite.gg/img/items/634/icon.jpg?12,Beastmode
https://fnggcdn.com/items/570/video.mp4,https://fortnite.gg/img/items/570/icon.jpg?9,Malice
https://fnggcdn.com/items/575/video.mp4,https://fortnite.gg/img/items/575/icon.jpg?10,Axiom
https://fnggcdn.com/items/574/video.mp4,https://fortnite.gg/img/items/574/icon.jpg?10,Psion
https://fnggcdn.com/items/571/video.mp4,https://fortnite.gg/img/items/571/icon.jpg?8,Laguna
https://fnggcdn.com/items/573/video.mp4,https://fortnite.gg/img/items/573/icon.jpg?15,Lucky Rider
https://fnggcdn.com/items/577/video.mp4,https://fortnite.gg/img/items/577/icon.jpg?16,Kenji
https://fnggcdn.com/items/576/video.mp4,https://fortnite.gg/img/items/576/icon.jpg?8,Kuno
https://fnggcdn.com/items/572/video.mp4,https://fortnite.gg/img/items/572/icon.jpg?12,Marino
https://fnggcdn.com/items/584/video.mp4,https://fortnite.gg/img/items/584/icon.jpg?10,Munitions Major
https://fnggcdn.com/items/585/video.mp4,https://fortnite.gg/img/items/585/icon.jpg?12,Bandolette
https://fnggcdn.com/items/625/video.mp4,https://fortnite.gg/img/items/625/icon.jpg?8,IKONIK
https://fnggcdn.com/items/580/video.mp4,https://fortnite.gg/img/items/580/icon.jpg?10,Mezmer
https://fnggcdn.com/items/579/video.mp4,https://fortnite.gg/img/items/579/icon.jpg?9,Sunbird
https://fnggcdn.com/items/583/video.mp4,https://fortnite.gg/img/items/583/icon.jpg?8,Hayseed
https://fnggcdn.com/items/582/video.mp4,https://fortnite.gg/img/items/582/icon.jpg?9,Sunflower
https://fnggcdn.com/items/581/video.mp4,https://fortnite.gg/img/items/581/icon.jpg?10,Hypernova
https://fnggcdn.com/items/613/video.mp4,https://fortnite.gg/img/items/613/icon.jpg?12,Bendie
https://fnggcdn.com/items/612/video.mp4,https://fortnite.gg/img/items/612/icon.jpg?13,Twistie
https://fnggcdn.com/items/592/video.mp4,https://fortnite.gg/img/items/592/icon.jpg?8,Hybrid
https://fnggcdn.com/items/591/video.mp4,https://fortnite.gg/img/items/591/icon.jpg?6,Blackheart
https://fnggcdn.com/items/586/video.mp4,https://fortnite.gg/img/items/586/icon.jpg?8,Luxe
https://fnggcdn.com/items/590/video.mp4,https://fortnite.gg/img/items/590/icon.jpg?8,Sidewinder
https://fnggcdn.com/items/589/video.mp4,https://fortnite.gg/img/items/589/icon.jpg?6,Peely
https://fnggcdn.com/items/588/video.mp4,https://fortnite.gg/img/items/588/icon.jpg?8,Master Key
https://fnggcdn.com/items/587/video.mp4,https://fortnite.gg/img/items/587/icon.jpg?8,Ember
https://fnggcdn.com/items/599/video.mp4,https://fortnite.gg/img/items/599/icon.jpg?12,Revolt
https://fnggcdn.com/items/598/video.mp4,https://fortnite.gg/img/items/598/icon.jpg?13,Rebel
https://fnggcdn.com/items/619/video.mp4,https://fortnite.gg/img/items/619/icon.jpg?12,Deep Sea Dominator
https://fnggcdn.com/items/618/video.mp4,https://fortnite.gg/img/items/618/icon.jpg?12,Deep Sea Destroyer
https://fnggcdn.com/items/594/video.mp4,https://fortnite.gg/img/items/594/icon.jpg?73,Lil Whip
https://fnggcdn.com/items/595/video.mp4,https://fortnite.gg/img/items/595/icon.jpg?10,Fallen Love Ranger
https://fnggcdn.com/items/597/video.mp4,https://fortnite.gg/img/items/597/icon.jpg?12,Skully
https://fnggcdn.com/items/593/video.mp4,https://fortnite.gg/img/items/593/icon.jpg?15,Heartbreaker
https://fnggcdn.com/items/604/video.mp4,https://fortnite.gg/img/items/604/icon.jpg?14,Kitbash
https://fnggcdn.com/items/603/video.mp4,https://fortnite.gg/img/items/603/icon.jpg?10,Sparkplug
https://fnggcdn.com/items/609/video.mp4,https://fortnite.gg/img/items/609/icon.jpg?12,Snowstrike
https://fnggcdn.com/items/602/video.mp4,https://fortnite.gg/img/items/602/icon.jpg?16,Firewalker
https://fnggcdn.com/items/605/video.mp4,https://fortnite.gg/img/items/605/icon.jpg?11,Marshmello
https://fnggcdn.com/items/611/video.mp4,https://fortnite.gg/img/items/611/icon.jpg?8,Cobalt
https://fnggcdn.com/items/607/video.mp4,https://fortnite.gg/img/items/607/icon.jpg?14,Cabbie
https://fnggcdn.com/items/620/video.mp4,https://fortnite.gg/img/items/620/icon.jpg?14,Malcore
https://fnggcdn.com/items/610/video.mp4,https://fortnite.gg/img/items/610/icon.jpg?12,Volley Girl
https://fnggcdn.com/items/616/video.mp4,https://fortnite.gg/img/items/616/icon.jpg?12,Tech Ops
https://fnggcdn.com/items/608/video.mp4,https://fortnite.gg/img/items/608/icon.jpg?12,The Ice Queen
https://fnggcdn.com/items/615/video.mp4,https://fortnite.gg/img/items/615/icon.jpg?12,Jaeger
https://fnggcdn.com/items/614/video.mp4,https://fortnite.gg/img/items/614/icon.jpg?14,Fyra
https://fnggcdn.com/items/617/video.mp4,https://fortnite.gg/img/items/617/icon.jpg?11,Verge
https://fnggcdn.com/items/629/video.mp4,https://fortnite.gg/img/items/629/icon.jpg?13,Paradox
https://fnggcdn.com/items/628/video.mp4,https://fortnite.gg/img/items/628/icon.jpg?13,Lace
https://fnggcdn.com/items/635/video.mp4,https://fortnite.gg/img/items/635/icon.jpg?13,Ark
https://fnggcdn.com/items/638/video.mp4,https://fortnite.gg/img/items/638/icon.jpg?14,Maven
https://fnggcdn.com/items/636/video.mp4,https://fortnite.gg/img/items/636/icon.jpg?17,Snowfoot
https://fnggcdn.com/items/630/video.mp4,https://fortnite.gg/img/items/630/icon.jpg?12,DJ Bop
https://fnggcdn.com/items/626/video.mp4,https://fortnite.gg/img/items/626/icon.jpg?12,Disco Diva
https://fnggcdn.com/items/632/video.mp4,https://fortnite.gg/img/items/632/icon.jpg?8,Sugarplum
https://fnggcdn.com/items/621/video.mp4,https://fortnite.gg/img/items/621/icon.jpg?10,Cloaked Shadow
https://fnggcdn.com/items/623/video.mp4,https://fortnite.gg/img/items/623/icon.jpg?10,Fishstick
https://fnggcdn.com/items/637/video.mp4,https://fortnite.gg/img/items/637/icon.jpg?15,Glimmer
https://fnggcdn.com/items/642/video.mp4,https://fortnite.gg/img/items/642/icon.jpg?8,Frozen Raven
https://fnggcdn.com/items/641/video.mp4,https://fortnite.gg/img/items/641/icon.jpg?8,Frozen Red Knight
https://fnggcdn.com/items/640/video.mp4,https://fortnite.gg/img/items/640/icon.jpg?10,Frozen Love Ranger
https://fnggcdn.com/items/624/video.mp4,https://fortnite.gg/img/items/624/icon.jpg?10,Krampus
https://fnggcdn.com/items/631/video.mp4,https://fortnite.gg/img/items/631/icon.jpg?10,Grimbles
https://fnggcdn.com/items/622/video.mp4,https://fortnite.gg/img/items/622/icon.jpg?8,Tinseltoes
https://fnggcdn.com/items/633/video.mp4,https://fortnite.gg/img/items/633/icon.jpg?10,Crackabella
https://fnggcdn.com/items/627/video.mp4,https://fortnite.gg/img/items/627/icon.jpg?9,Red-nosed Ranger
https://fnggcdn.com/items/639/video.mp4,https://fortnite.gg/img/items/639/icon.jpg?9,Prodigy
https://fnggcdn.com/items/650/video.mp4,https://fortnite.gg/img/items/650/icon.jpg?8,Slushy Soldier
https://fnggcdn.com/items/644/video.mp4,https://fortnite.gg/img/items/644/icon.jpg?12,Cloudbreaker
https://fnggcdn.com/items/643/video.mp4,https://fortnite.gg/img/items/643/icon.jpg?12,Wingtip
https://fnggcdn.com/items/645/video.mp4,https://fortnite.gg/img/items/645/icon.jpg?10,Waypoint
https://fnggcdn.com/items/648/video.mp4,https://fortnite.gg/img/items/648/icon.jpg?8,Lynx
https://fnggcdn.com/items/647/video.mp4,https://fortnite.gg/img/items/647/icon.jpg?8,Zenith
https://fnggcdn.com/items/646/video.mp4,https://fortnite.gg/img/items/646/icon.jpg?8,The Ice King
https://fnggcdn.com/items/606/video.mp4,https://fortnite.gg/img/items/606/icon.jpg?8,The Prisoner
https://fnggcdn.com/items/684/video.mp4,https://fortnite.gg/img/items/684/icon.jpg?8,Onesie
https://fnggcdn.com/items/652/video.mp4,https://fortnite.gg/img/items/652/icon.jpg?8,Trog
https://fnggcdn.com/items/651/video.mp4,https://fortnite.gg/img/items/651/icon.jpg?8,Sgt. Winter
https://fnggcdn.com/items/649/video.mp4,https://fortnite.gg/img/items/649/icon.jpg?8,Powder
https://fnggcdn.com/items/596/video.mp4,https://fortnite.gg/img/items/596/icon.jpg?8,Honor Guard
https://fnggcdn.com/items/832/video.mp4,https://fortnite.gg/img/items/832/icon.jpg?8,Warpaint
https://fnggcdn.com/items/831/video.mp4,https://fortnite.gg/img/items/831/icon.jpg?8,Rose Team Leader
https://fnggcdn.com/items/774/video.mp4,https://fortnite.gg/img/items/774/icon.jpg?14,Oblivion
https://fnggcdn.com/items/775/video.mp4,https://fortnite.gg/img/items/775/icon.jpg?18,Criterion
https://fnggcdn.com/items/771/video.mp4,https://fortnite.gg/img/items/771/icon.jpg?15,Fireworks Team Leader
https://fnggcdn.com/items/770/video.mp4,https://fortnite.gg/img/items/770/icon.jpg?14,Star-Spangled Trooper
https://fnggcdn.com/items/769/video.mp4,https://fortnite.gg/img/items/769/icon.jpg?15,Star-Spangled Ranger
https://fnggcdn.com/items/773/video.mp4,https://fortnite.gg/img/items/773/icon.jpg?11,Sleuth
https://fnggcdn.com/items/772/video.mp4,https://fortnite.gg/img/items/772/icon.jpg?11,Gumshoe
https://fnggcdn.com/items/768/video.mp4,https://fortnite.gg/img/items/768/icon.jpg?11,Noir
https://fnggcdn.com/items/767/video.mp4,https://fortnite.gg/img/items/767/icon.jpg?14,Vertex
https://fnggcdn.com/items/784/video.mp4,https://fortnite.gg/img/items/784/icon.jpg?12,Fate
https://fnggcdn.com/items/785/video.mp4,https://fortnite.gg/img/items/785/icon.jpg?12,Sky Stalker
https://fnggcdn.com/items/786/video.mp4,https://fortnite.gg/img/items/786/icon.jpg?10,Omen
https://fnggcdn.com/items/783/video.mp4,https://fortnite.gg/img/items/783/icon.jpg?13,Super Striker
https://fnggcdn.com/items/782/video.mp4,https://fortnite.gg/img/items/782/icon.jpg?13,Midfield Maestro
https://fnggcdn.com/items/781/video.mp4,https://fortnite.gg/img/items/781/icon.jpg?13,Aerial Threat
https://fnggcdn.com/items/780/video.mp4,https://fortnite.gg/img/items/780/icon.jpg?13,Stalwart Sweeper
https://fnggcdn.com/items/779/video.mp4,https://fortnite.gg/img/items/779/icon.jpg?13,Dynamic Dribbler
https://fnggcdn.com/items/778/video.mp4,https://fortnite.gg/img/items/778/icon.jpg?9,Poised Playmaker
https://fnggcdn.com/items/777/video.mp4,https://fortnite.gg/img/items/777/icon.jpg?13,Finesse Finisher
https://fnggcdn.com/items/776/video.mp4,https://fortnite.gg/img/items/776/icon.jpg?13,Clinical Crosser
https://fnggcdn.com/items/788/video.mp4,https://fortnite.gg/img/items/788/icon.jpg?6,Wingman
https://fnggcdn.com/items/789/video.mp4,https://fortnite.gg/img/items/789/icon.jpg?8,Blue Striker
https://fnggcdn.com/items/795/video.mp4,https://fortnite.gg/img/items/795/icon.jpg?12,Flytrap
https://fnggcdn.com/items/794/video.mp4,https://fortnite.gg/img/items/794/icon.jpg?13,Ventura
https://fnggcdn.com/items/793/video.mp4,https://fortnite.gg/img/items/793/icon.jpg?14,Scoundrel
https://fnggcdn.com/items/792/video.mp4,https://fortnite.gg/img/items/792/icon.jpg?9,Rapscallion
https://fnggcdn.com/items/791/video.mp4,https://fortnite.gg/img/items/791/icon.jpg?14,Jumpshot
https://fnggcdn.com/items/790/video.mp4,https://fortnite.gg/img/items/790/icon.jpg?10,Triple Threat
https://fnggcdn.com/items/796/video.mp4,https://fortnite.gg/img/items/796/icon.jpg?12,Bandolier
https://fnggcdn.com/items/797/video.mp4,https://fortnite.gg/img/items/797/icon.jpg?12,Moisty Merman
https://fnggcdn.com/items/798/video.mp4,https://fortnite.gg/img/items/798/icon.jpg?15,Venturion
https://fnggcdn.com/items/800/video.mp4,https://fortnite.gg/img/items/800/icon.jpg?12,Toxic Trooper
https://fnggcdn.com/items/799/video.mp4,https://fortnite.gg/img/items/799/icon.jpg?11,Hazard Agent
https://fnggcdn.com/items/806/video.mp4,https://fortnite.gg/img/items/806/icon.jpg?10,Abstrakt
https://fnggcdn.com/items/805/video.mp4,https://fortnite.gg/img/items/805/icon.jpg?13,Diecast
https://fnggcdn.com/items/804/video.mp4,https://fortnite.gg/img/items/804/icon.jpg?13,Chromium
https://fnggcdn.com/items/813/video.mp4,https://fortnite.gg/img/items/813/icon.jpg?8,Trailblazer
https://fnggcdn.com/items/803/video.mp4,https://fortnite.gg/img/items/803/icon.jpg?8,Nitelite
https://fnggcdn.com/items/801/video.mp4,https://fortnite.gg/img/items/801/icon.jpg?8,Liteshow
https://fnggcdn.com/items/812/video.mp4,https://fortnite.gg/img/items/812/icon.jpg?6,Carbide
https://fnggcdn.com/items/811/video.mp4,https://fortnite.gg/img/items/811/icon.jpg?8,Omega
https://fnggcdn.com/items/809/video.mp4,https://fortnite.gg/img/items/809/icon.jpg?8,Valor
https://fnggcdn.com/items/787/video.mp4,https://fortnite.gg/img/items/787/icon.jpg?8,The Visitor
https://fnggcdn.com/items/814/video.mp4,https://fortnite.gg/img/items/814/icon.jpg?9,Royale Bomber
https://fnggcdn.com/items/810/video.mp4,https://fortnite.gg/img/items/810/icon.jpg?5,Squad Leader
https://fnggcdn.com/items/808/video.mp4,https://fortnite.gg/img/items/808/icon.jpg?8,Zoey
https://fnggcdn.com/items/807/video.mp4,https://fortnite.gg/img/items/807/icon.jpg?8,Teknique
https://fnggcdn.com/items/802/video.mp4,https://fortnite.gg/img/items/802/icon.jpg?8,Battlehawk
https://fnggcdn.com/items/815/video.mp4,https://fortnite.gg/img/items/815/icon.jpg?12,Brite Gunner
https://fnggcdn.com/items/816/video.mp4,https://fortnite.gg/img/items/816/icon.jpg?13,Steelsight
https://fnggcdn.com/items/818/video.mp4,https://fortnite.gg/img/items/818/icon.jpg?10,Tomatohead
https://fnggcdn.com/items/820/video.mp4,https://fortnite.gg/img/items/820/icon.jpg?13,Tricera Ops
https://fnggcdn.com/items/819/video.mp4,https://fortnite.gg/img/items/819/icon.jpg?8,Leviathan
https://fnggcdn.com/items/817/video.mp4,https://fortnite.gg/img/items/817/icon.jpg?11,Cipher
https://fnggcdn.com/items/822/video.mp4,https://fortnite.gg/img/items/822/icon.jpg?8,Dark Vanguard
https://fnggcdn.com/items/825/video.mp4,https://fortnite.gg/img/items/825/icon.jpg?8,Raven
https://fnggcdn.com/items/821/video.mp4,https://fortnite.gg/img/items/821/icon.jpg?8,Whiplash
https://fnggcdn.com/items/824/video.mp4,https://fortnite.gg/img/items/824/icon.jpg?15,Rabbit Raider
https://fnggcdn.com/items/823/video.mp4,https://fortnite.gg/img/items/823/icon.jpg?14,Bunny Brawler
https://fnggcdn.com/items/826/video.mp4,https://fortnite.gg/img/items/826/icon.jpg?12,Midnight Ops
https://fnggcdn.com/items/837/video.mp4,https://fortnite.gg/img/items/837/icon.jpg?6,Rogue Agent
https://fnggcdn.com/items/830/video.mp4,https://fortnite.gg/img/items/830/icon.jpg?8,Power Chord
https://fnggcdn.com/items/828/video.mp4,https://fortnite.gg/img/items/828/icon.jpg?13,Highland Warrior
https://fnggcdn.com/items/827/video.mp4,https://fortnite.gg/img/items/827/icon.jpg?8,Battle Hound
https://fnggcdn.com/items/829/video.mp4,https://fortnite.gg/img/items/829/icon.jpg?15,Sgt. Green Clover
https://fnggcdn.com/items/836/video.mp4,https://fortnite.gg/img/items/836/icon.jpg?12,Radiant Striker
https://fnggcdn.com/items/835/video.mp4,https://fortnite.gg/img/items/835/icon.jpg?10,Brilliant Striker
https://fnggcdn.com/items/833/video.mp4,https://fortnite.gg/img/items/833/icon.jpg?12,Burnout
https://fnggcdn.com/items/834/video.mp4,https://fortnite.gg/img/items/834/icon.jpg?9,Rex
https://fnggcdn.com/items/855/video.mp4,https://fortnite.gg/img/items/855/icon.jpg?11,Sash Sergeant
https://fnggcdn.com/items/838/video.mp4,https://fortnite.gg/img/items/838/icon.jpg?9,Havoc
https://fnggcdn.com/items/842/video.mp4,https://fortnite.gg/img/items/842/icon.jpg?9,Sub Commander
https://fnggcdn.com/items/853/video.mp4,https://fortnite.gg/img/items/853/icon.jpg?10,Jungle Scout
https://fnggcdn.com/items/841/video.mp4,https://fortnite.gg/img/items/841/icon.jpg?12,Crimson Scout
https://fnggcdn.com/items/840/video.mp4,https://fortnite.gg/img/items/840/icon.jpg?9,Scarlet Defender
https://fnggcdn.com/items/848/video.mp4,https://fortnite.gg/img/items/848/icon.jpg?12,Tower Recon Specialist
https://fnggcdn.com/items/843/video.mp4,https://fortnite.gg/img/items/843/icon.jpg?5,The Reaper
https://fnggcdn.com/items/839/video.mp4,https://fortnite.gg/img/items/839/icon.jpg?8,Dark Voyager
https://fnggcdn.com/items/847/video.mp4,https://fortnite.gg/img/items/847/icon.jpg?8,Mission Specialist
https://fnggcdn.com/items/846/video.mp4,https://fortnite.gg/img/items/846/icon.jpg?8,Moonwalker
https://fnggcdn.com/items/845/video.mp4,https://fortnite.gg/img/items/845/icon.jpg?8,Rust Lord
https://fnggcdn.com/items/844/video.mp4,https://fortnite.gg/img/items/844/icon.jpg?8,Elite Agent
https://fnggcdn.com/items/851/video.mp4,https://fortnite.gg/img/items/851/icon.jpg?12,Dazzle
https://fnggcdn.com/items/854/video.mp4,https://fortnite.gg/img/items/854/icon.jpg?14,Snorkel Ops
https://fnggcdn.com/items/856/video.mp4,https://fortnite.gg/img/items/856/icon.jpg?8,Wukong
https://fnggcdn.com/items/852/video.mp4,https://fortnite.gg/img/items/852/icon.jpg?12,Tactics Officer
https://fnggcdn.com/items/850/video.mp4,https://fortnite.gg/img/items/850/icon.jpg?12,Hyperion
https://fnggcdn.com/items/849/video.mp4,https://fortnite.gg/img/items/849/icon.jpg?9,Highrise Assault Trooper
https://fnggcdn.com/items/875/video.mp4,https://fortnite.gg/img/items/875/icon.jpg?9,Blue Team Leader
https://fnggcdn.com/items/857/video.mp4,https://fortnite.gg/img/items/857/icon.jpg?10,Love Ranger
https://fnggcdn.com/items/858/video.mp4,https://fortnite.gg/img/items/858/icon.jpg?9,Cuddle Team Leader
https://fnggcdn.com/items/866/video.mp4,https://fortnite.gg/img/items/866/icon.jpg?10,Mogul Master
https://fnggcdn.com/items/865/video.mp4,https://fortnite.gg/img/items/865/icon.jpg?10,Mogul Master (USA)
https://fnggcdn.com/items/864/video.mp4,https://fortnite.gg/img/items/864/icon.jpg?10,Mogul Master (CAN)
https://fnggcdn.com/items/863/video.mp4,https://fortnite.gg/img/items/863/icon.jpg?12,Mogul Master (GBR)
https://fnggcdn.com/items/862/video.mp4,https://fortnite.gg/img/items/862/icon.jpg?12,Mogul Master (FRA)
https://fnggcdn.com/items/861/video.mp4,https://fortnite.gg/img/items/861/icon.jpg?12,Mogul Master (GER)
https://fnggcdn.com/items/860/video.mp4,https://fortnite.gg/img/items/860/icon.jpg?11,Mogul Master (CHN)
https://fnggcdn.com/items/859/video.mp4,https://fortnite.gg/img/items/859/icon.jpg?10,Mogul Master (KOR)
https://fnggcdn.com/items/874/video.mp4,https://fortnite.gg/img/items/874/icon.jpg?10,Alpine Ace
https://fnggcdn.com/items/873/video.mp4,https://fortnite.gg/img/items/873/icon.jpg?10,Alpine Ace (USA)
https://fnggcdn.com/items/872/video.mp4,https://fortnite.gg/img/items/872/icon.jpg?10,Alpine Ace (CAN)
https://fnggcdn.com/items/871/video.mp4,https://fortnite.gg/img/items/871/icon.jpg?10,Alpine Ace (GBR)
https://fnggcdn.com/items/870/video.mp4,https://fortnite.gg/img/items/870/icon.jpg?12,Alpine Ace (FRA)
https://fnggcdn.com/items/869/video.mp4,https://fortnite.gg/img/items/869/icon.jpg?10,Alpine Ace (GER)
https://fnggcdn.com/items/868/video.mp4,https://fortnite.gg/img/items/868/icon.jpg?10,Alpine Ace (CHN)
https://fnggcdn.com/items/867/video.mp4,https://fortnite.gg/img/items/867/icon.jpg?10,Alpine Ace (KOR)
https://fnggcdn.com/items/890/video.mp4,https://fortnite.gg/img/items/890/icon.jpg?10,Arctic Assassin
https://fnggcdn.com/items/896/video.mp4,https://fortnite.gg/img/items/896/icon.jpg?8,Raptor
https://fnggcdn.com/items/891/video.mp4,https://fortnite.gg/img/items/891/icon.jpg?14,Absolute Zero
https://fnggcdn.com/items/889/video.mp4,https://fortnite.gg/img/items/889/icon.jpg?12,Funk Ops
https://fnggcdn.com/items/886/video.mp4,https://fortnite.gg/img/items/886/icon.jpg?11,Dominator
https://fnggcdn.com/items/887/video.mp4,https://fortnite.gg/img/items/887/icon.jpg?11,Devastator
https://fnggcdn.com/items/877/video.mp4,https://fortnite.gg/img/items/877/icon.jpg?10,Crackshot
https://fnggcdn.com/items/882/video.mp4,https://fortnite.gg/img/items/882/icon.jpg?10,Yuletide Ranger
https://fnggcdn.com/items/885/video.mp4,https://fortnite.gg/img/items/885/icon.jpg?10,Circuit Breaker
https://fnggcdn.com/items/876/video.mp4,https://fortnite.gg/img/items/876/icon.jpg?6,Codename E.L.F.
https://fnggcdn.com/items/880/video.mp4,https://fortnite.gg/img/items/880/icon.jpg?11,Red-Nosed Raider
https://fnggcdn.com/items/881/video.mp4,https://fortnite.gg/img/items/881/icon.jpg?10,Nog Ops
https://fnggcdn.com/items/893/video.mp4,https://fortnite.gg/img/items/893/icon.jpg?8,Red Knight
https://fnggcdn.com/items/884/video.mp4,https://fortnite.gg/img/items/884/icon.jpg?10,Shadow Ops
https://fnggcdn.com/items/883/video.mp4,https://fortnite.gg/img/items/883/icon.jpg?11,Brite Bomber
https://fnggcdn.com/items/892/video.mp4,https://fortnite.gg/img/items/892/icon.jpg?7,Black Knight
https://fnggcdn.com/items/888/video.mp4,https://fortnite.gg/img/items/888/icon.jpg?8,Sparkle Specialist
https://fnggcdn.com/items/879/video.mp4,https://fortnite.gg/img/items/879/icon.jpg?8,Ginger Gunner
https://fnggcdn.com/items/878/video.mp4,https://fortnite.gg/img/items/878/icon.jpg?8,Merry Marauder
https://fnggcdn.com/items/895/video.mp4,https://fortnite.gg/img/items/895/icon.jpg?6,Blue Squire
https://fnggcdn.com/items/894/video.mp4,https://fortnite.gg/img/items/894/icon.jpg?8,Royale Knight
https://fnggcdn.com/items/903/video.mp4,https://fortnite.gg/img/items/903/icon.jpg?12,Recon Specialist
https://fnggcdn.com/items/908/video.mp4,https://fortnite.gg/img/items/908/icon.jpg?10,Infiltrator
https://fnggcdn.com/items/911/video.mp4,https://fortnite.gg/img/items/911/icon.jpg?10,Commando
https://fnggcdn.com/items/904/video.mp4,https://fortnite.gg/img/items/904/icon.jpg?13,Munitions Expert
https://fnggcdn.com/items/901/video.mp4,https://fortnite.gg/img/items/901/icon.jpg?12,Desperado
https://fnggcdn.com/items/900/video.mp4,https://fortnite.gg/img/items/900/icon.jpg?12,Survival Specialist
https://fnggcdn.com/items/914/video.mp4,https://fortnite.gg/img/items/914/icon.jpg?8,Renegade
https://fnggcdn.com/items/909/video.mp4,https://fortnite.gg/img/items/909/icon.jpg?12,Recon Scout
https://fnggcdn.com/items/906/video.mp4,https://fortnite.gg/img/items/906/icon.jpg?10,Brawler
https://fnggcdn.com/items/913/video.mp4,https://fortnite.gg/img/items/913/icon.jpg?10,Pathfinder
https://fnggcdn.com/items/907/video.mp4,https://fortnite.gg/img/items/907/icon.jpg?8,Special Forces
https://fnggcdn.com/items/918/video.mp4,https://fortnite.gg/img/items/918/icon.jpg?9,Tracker
https://fnggcdn.com/items/917/video.mp4,https://fortnite.gg/img/items/917/icon.jpg?8,Ranger
https://fnggcdn.com/items/915/video.mp4,https://fortnite.gg/img/items/915/icon.jpg?11,Trooper
https://fnggcdn.com/items/912/video.mp4,https://fortnite.gg/img/items/912/icon.jpg?8,Assault Trooper
https://fnggcdn.com/items/898/video.mp4,https://fortnite.gg/img/items/898/icon.jpg?16,Ghoul Trooper
https://fnggcdn.com/items/897/video.mp4,https://fortnite.gg/img/items/897/icon.jpg?11,Skull Trooper
https://fnggcdn.com/items/905/video.mp4,https://fortnite.gg/img/items/905/icon.jpg?10,Recon Expert
https://fnggcdn.com/items/902/video.mp4,https://fortnite.gg/img/items/902/icon.jpg?12,First strike Specialist
https://fnggcdn.com/items/916/video.mp4,https://fortnite.gg/img/items/916/icon.jpg?8,Scout
https://fnggcdn.com/items/910/video.mp4,https://fortnite.gg/img/items/910/icon.jpg?9,Aerial Assault Trooper
https://fnggcdn.com/items/899/video.mp4,https://fortnite.gg/img/items/899/icon.jpg?7,Renegade Raider
